	0	1	2	3	4	5	6	7	8	9	10	11	12	13	14	15	16	17	18	19	20	21	22	23	24	25	26	27	28	29	30	31	32	33	34	35	36	37	38	39	40	41	42	43	44	45	46	47	48	49	50	51	52	53	54	55	56	57	58	59	60	61	62	63	64	65	66	67	68	69	70	71	72	73	74	75	76	77	78	79	80	81	82	83	84	85	86	87	88	89	90	91	92	93	94	95	96	97	98	99	100	101	102	103	104	105	106	107	108	109	110	111	112	113	114	115	116	117	118	119	120	121	122	123	124	125	126	127	128	129	130	131	132	133	134	135	136	137	138	139	140	141	142	143	144	145	146	147	148	149
2	0.0	0.0	0.010604188728085657	8.080244734674666	5.027782680315331	0.0	0.11105718319802331	0.0	0.0	0.037107306741969645	0.17875632427344393	0.0	0.062080833039181084	0.0	0.043622779150488296	0.0	0.0	0.26736969055182963	0.0	0.0	0.0	0.11561654312272032	0.0	0.0	0.23695434757030243	0.0	0.05094717025532416	0.2878132721496647	0.031944934698199784	0.0	0.0	0.0	0.004574067537357336	0.034180491822567355	0.0	0.0	0.0	0.0	0.0508883398046829	0.0	0.0	0.076832568537475	0.0	0.0	0.1332656783150959	0.0	0.0	0.0	0.44703788681021306	0.0	0.056830215319449345	0.0	0.0	0.916019531709613	0.0	0.0	0.32842099070478886	0.0	0.0	0.015281209554065187	0.0	0.0	0.0	1.2833421579009296	0.0	0.0	0.0	0.0	0.1323538063301565	0.0	0.12632368513942818	0.0	0.0	0.0	0.0	0.0	0.0	0.07936227791504882	0.008618661018943406	0.0	0.05449170490645958	0.0	0.702773855747735	0.019075773620425934	0.0	1.6893016825508884	0.0	2.845937757383222	0.0	0.0	0.1971408400988352	0.0	0.0	0.0	0.0	1.106762560301212	0.04543181550770679	0.0	0.0	0.02223791034239322	0.0	0.0	0.0	0.0	0.17650605953641602	0.0	0.5458877515001764	0.0	0.0	0.0	0.0	0.008118602188492764	0.017590304741734324	0.0	0.0	0.04359336392516767	0.0059565831274267554	0.0	9.268869867043183	0.0	0.0035739498764560543	1.942802094364043	0.006441934345217085	0.0	0.08192140251794329	0.0335480644781739	0.0	0.0035739498764560543	0.0	0.0	0.0	0.04857924461701377	0.4336539592893281	0.1667843275679492	0.0	0.0	0.0	0.0	0.0	0.0	0.004015178256265443	0.029076950229438757	0.18896340745970114	0.0	0.0	0.0072508530415342975	0.0	0.04341687257324391	0.0	0.0
3	0.0	0.0	0.044860292232760834	4.393350817344664	7.0076114605722415	0.0	0.006053674600201131	0.0	1.2899256600871571	0.16471121803087965	0.2229605820992645	0.7578924536115	0.7584642990949065	0.011180565141088084	0.0592155857472443	0.07676532644489578	0.19371758720643623	2.299528720446433	0.0	0.20548971664070356	0.017628615936742056	0.020961094788318577	0.0	0.0	0.03403466566758031	0.0	0.05686904738429989	0.12900045353262476	0.0	0.0	0.0	0.0	0.09772642123321437	0.01709620807288072	0.15195314810798022	0.0	0.0	0.022913256955810146	0.7815747441484432	0.0	0.0	0.10358290773568907	0.1088478299449845	0.0	0.061404373632007576	0.0	0.032457160885768936	0.0674580482322087	0.22404511663675977	0.0	0.11868751602153294	0.925285429771459	0.02738942677419991	0.5043874351744129	0.0	0.0	0.37655039141837393	0.15136158381480094	0.0881430796837103	0.19488099698302214	0.0	0.08114290221442233	0.0	2.5307514838404357	0.11296906118746673	0.0	0.0	0.028375367262832015	0.028848618697375424	0.712874410900558	0.045905389150710865	0.031155719440774554	0.0	0.0	0.4855165342219944	0.0	0.0	0.17113955001676098	0.159347701772721	0.0	0.8155108157671602	0.11152958807406385	0.7409539960168006	0.20505590282570543	0.1000926784059314	0.5675862204957309	1.554630962475105	0.9160175891783173	0.0	0.0	0.118904422929032	0.07883580147102322	0.4544594088300829	0.0	0.32039122118588925	1.4510677735491886	0.09482775619663598	0.0	0.0	0.010194624652455977	0.0	0.0	0.2471555616902964	0.0	0.3706939049158992	0.0	0.19214008242462485	0.0	0.0	0.0	0.0	0.561690296373711	0.9341391753593753	0.0	0.0	0.3793307435963165	0.2029657089898054	0.0	16.529864137400665	0.0	0.005679017214520931	3.5086861357048487	0.0	0.0	0.03403466566758031	0.374401041153156	0.0	0.0	0.0	0.005225484589750163	0.015479265671524065	0.03273322422258593	0.2871847455287599	0.023938635063987537	0.2776211227890285	0.0	0.35243428706643265	0.0	0.0	0.0	0.0	0.4635694989450437	0.2611559166288723	0.0	0.22909313193855618	0.0	0.5678622838325479	0.08607260465758286	0.0	0.0
4	0.0	0.02852208974708541	0.11295639887960737	3.296598335936015	2.3018367498698655	0.0	0.0	0.0	0.0532021251105107	0.07164398615207926	0.24418114666732763	0.035289062951854515	0.1672078592733973	0.0	0.03647059795586182	0.025506283617975852	0.03455370200530451	0.19164828264300293	0.04716225036974609	0.044584355815548336	0.008369894818597196	0.01136091350007023	0.0	0.004668302638210677	0.12897735253534276	0.0	0.026977005511075857	0.0	0.0	0.0	0.02017698237612473	0.0	0.0	0.011848399970255063	0.0	0.006535623693494947	0.0	0.0	0.12563930958695851	0.016260565649555064	0.0	0.03780085764568822	0.0	0.0	0.058151352155268565	0.0	0.01830966132084046	0.03321517983293261	0.396698311974816	0.0	3.984664832395541	0.026530831453618554	0.030810797412190467	0.45717968420791716	0.0	0.0	0.07212321013971858	0.0	0.0	0.015789604144461244	0.08502094539325286	0.011683150319344951	0.0	0.5114641945318892	0.0	0.0	0.03828008163332755	0.0	0.0	0.0	0.022597889761957878	0.0	0.0	0.0	0.0	0.0	0.0	0.047914136281387104	0.0624478430789315	0.0	0.14631204091581357	0.0034950301167488785	0.42689768567863906	0.007841095935684836	0.0	0.8203818919432534	0.050896892480314634	2.654677804493138	0.02558064596088541	0.0	0.28884812730833104	0.03381007857620901	0.0	0.0	0.021317204967404507	0.2240289517388394	0.0	0.0	0.0063455865949483175	0.11663320361235738	0.0	0.0	0.19007841095935685	0.0	0.8245544456287335	0.0	0.1453783803881714	0.0	0.0	0.0	0.0	0.0	0.040081302828247775	0.0	0.0	0.09643143378859612	0.0	0.0	5.953019524246255	0.0	0.0022060828396500013	3.240289517388394	0.0	0.0	0.0	0.06119194573201464	0.0376273455122326	0.0	0.0	0.0	0.0	0.00371811714547753	0.13468672797428716	0.0	0.0	0.0	0.012385461335712928	0.0	0.0	0.0	0.0	0.0	0.02639036925034496	0.05148352874104553	0.0445347809202753	0.0	0.07723768683538657	0.097703856100604	0.0	0.0
5	0.0	0.014005991403638257	0.004424087179264533	0.6581643728563364	2.051495680111145	0.0	0.05248556419050927	0.0	0.006872747796639604	0.050358181739243696	0.021160942994833502	0.06694308166543655	0.13962575435245084	0.0	0.0	0.012286719055268529	0.0	0.08843832761689749	0.0	0.0379542395693136	0.0852429123431598	0.059002301046324826	0.01827812269352668	0.0	0.04572135631485261	0.0027873051708418354	0.0	0.024690661225198626	0.0	0.0	0.0	0.0	0.013050840098988409	0.015938001997134545	0.0	0.0	0.0	0.0	0.048847306039161195	0.0	0.0	0.08097512265011071	0.14049407372031436	0.0	0.15899795944948553	0.0	0.004020318673208006	0.0194243042591065	0.08312855468241219	0.0	6.513663005253332	0.022250683801502195	0.0	0.03347805322797725	0.0	0.0	0.012416966960448054	0.0	0.0	0.021842573698606343	0.029614032040984672	0.0197716320062519	0.0	0.25658837320366434	0.013524074154474016	0.0	0.0	0.0	0.0	0.0	0.0	0.058246863196283596	0.0	0.005644075891112751	0.12038379716059566	0.0	0.2562627534407155	0.03395128728346285	0.0	0.0	0.03451569487257413	0.0	0.05346676507619502	0.04030738505622368	0.012173837537446271	0.0415534233491078	0.15502539834151002	0.3091043285720488	0.0	0.0	0.02515087049016628	0.0	0.0	0.0	0.1726609647028177	0.19635740025181259	0.0	0.0	0.0	0.0	0.0	0.0	0.005227282594538271	0.0	0.05707029045282855	0.0	0.05779967872183389	0.0	0.0	0.0	0.0089306646984761	0.011518256414709329	0.07800981200885687	0.0	0.0	0.0	0.009251942864585593	0.0	2.583875309338775	0.0	0.0	2.5629878869448186	0.0	0.0	0.0	0.05854209178135718	0.0	0.0	0.0	0.0	0.0	0.0	0.020257890852255458	0.003069508965397473	0.036291407979854994	0.0	0.006499370468458299	0.0	0.007402422611036339	0.009703468935874615	0.0	0.004932054009464681	0.033373854903833634	0.023019146442061388	0.0	0.0	0.14563018278122694	0.007979854990665567	0.0	0.0
6	0.0	0.0	0.0	0.8239115016692902	1.2549992215744954	0.0	0.0	0.0	0.13612932242384404	0.0014876576311646976	0.014984690965074642	0.01497604179280043	0.14272431628293172	0.0	0.0	0.0	0.001989309623069072	0.0855965334117525	0.0	0.006313895760175751	0.0023179781694891797	0.0	0.0	0.0	0.035747029009323805	0.0	0.0020109325537546055	0.012454808074867235	0.0	0.0	0.006071718936497777	0.0	0.0019417391755608988	0.0	0.0	0.0	0.0	0.0	0.0	0.006729056029337993	0.002413119064505527	0.0	0.0	0.0	0.02787195765365254	0.0	0.0	0.0	0.19275545330311888	0.0	2.3115129132142056	0.0	0.0	0.021294262139113288	0.0	0.0	0.0	0.0	0.0	0.0550346831808196	0.0	0.0	0.0	0.1959469978723036	0.0	0.0	0.0	0.0	0.019093047795325988	0.0	0.0	0.0	0.0	0.0	0.0	0.0	0.0	0.013237558165683543	0.0	0.0	0.14997232264872248	0.006664187237281392	0.0304321126468197	0.0	0.0	0.15582781227836498	0.07943399816637547	0.49110000172983437	0.0	0.0	0.06626563337888565	0.004964624885398467	0.0	0.0	0.03816447265996644	0.11425124115622134	0.0	0.0	0.0	0.004021865107509211	0.0	0.006988531197564393	0.033096057707277415	0.0	0.03313065439637427	0.0	0.02804494109913681	0.0	0.0	0.037636873151239425	0.0	0.009319483125464894	0.022842463976197477	0.00809994983480081	0.0	0.0	0.0058381912850940165	0.0	1.9894826065145563	0.0	0.0	1.0604360912660658	0.0	0.0	0.0	0.03600650417755021	0.0	0.0	0.0	0.0011633136708816966	0.03243439602830009	0.007023127886661246	0.0026336729574979673	0.0	0.0039051012818073307	0.0	0.0	0.0	0.0	0.0	0.0	0.004082409313428704	0.0	0.0179340587105814	0.03200626200072653	0.0	0.04590115725925029	0.10087962082028748	0.0	0.0
7	0.0	0.0	0.034841144932828756	0.4597214905973183	1.3957205598627165	0.0	0.047855270769439594	0.0	0.05515572030132533	0.023135864629822936	0.0	0.025533798916081995	0.04370574567030665	0.0	0.005558553871112648	0.0029990337165072887	0.0	0.2132028581308393	0.0	0.03699346869920144	0.0	0.0	0.0	0.008127769177818786	0.03728755497959171	0.0	0.049454970866067934	0.02522678576622403	0.002785740370290176	0.0	0.0	0.0	0.0	0.0	0.0	0.0	0.0	0.006117640975590839	0.0	0.002074762549566465	0.0	0.0	0.0	0.0	0.006647642623766697	0.029673628863114147	0.006385873517045694	0.04537008011427352	0.06072396932453875	0.006692886666903659	1.2826750863676466	0.01342455394221043	0.0	0.26138453235433845	0.0	0.0	0.00797264674420634	0.0	0.02391470851525209	0.029091919737067477	0.0	0.0	0.005083491418174532	0.0664699628029331	0.0	0.0	0.0	0.0	0.006259836539735582	0.0	0.015764317315864824	0.003690621233029444	0.0	0.014823887562089369	0.030846742267308273	0.0	0.224740089130765	0.009966616359599655	0.0020295185064295018	0.0	0.020857503886140136	0.0	0.0	0.010968448743346702	0.0033642177789699225	0.04138537260085382	0.016604563831265573	0.16673399411181097	0.14145550086771613	0.0	0.01539266981866834	0.006486056755420398	0.0441840398406117	0.007950024722637858	0.0032931199968975517	0.09755908387276083	0.007678560463816077	0.0	0.0	0.006631484036932066	0.08578270578768263	0.0	0.006928802034689255	0.0	0.03841219262328194	0.0	0.03728109154485786	0.0	0.0	0.0	0.0	0.015858037119505678	0.08304867289526328	0.0	0.0	0.0	0.027059169513271048	0.0	1.8011233449567434	0.0	0.0	0.7060429883044148	0.0	0.0	0.0	0.027298316598423567	0.0	0.0	0.0	0.009381675516186056	0.003655072341993259	0.0	0.016834015764317315	0.011605097064631115	0.02515568798415166	0.0	0.0	0.0	0.01363138385369369	0.0	0.0	0.0	0.0	0.0	0.05087369479014844	0.0	0.0	0.030859669136775972	0.0	0.009388138950919908
8	0.010668220808093536	0.0	0.019525026777436748	0.7400855977893988	1.4610197027929546	0.0	0.009034572146065291	0.0	0.013262706906328475	0.0	0.06202464424262608	0.04066570057875266	0.060082717527294986	0.0	0.0	0.0028330078037101377	0.0	0.054281689633756666	0.0	0.03846500031502867	0.0026102375316153768	0.0027587510463452174	0.0	0.0	0.024410221330141042	0.003899604864042627	0.0	0.018001638149071568	0.012205110665070523	0.0	0.0	0.0	0.0	0.0197072933636961	0.0	0.0	0.0	0.025393560814034075	0.03616529104148478	0.0	0.002061187568068694	0.03841999621965599	0.0	0.0	0.017738364191141394	0.002124193301590445	0.005555755573757212	0.01284866922889983	0.08206271770731137	0.0	2.464554774484478	0.03171438600912683	0.0036768345919478674	0.0668580840856518	0.0	0.0	0.02736248998658878	0.0	0.0	0.005049459500814574	0.0	0.012682154076020918	0.004189881279196407	0.11779821963798706	0.0	0.0	0.001912674053338854	0.0	0.0032988001908173642	0.0	0.03445738562209161	0.005906787517664107	0.0	0.010375694188171122	0.013366216325685638	0.0	0.0	0.005933789974887715	0.006611101610246532	0.0018271662721307635	0.0	0.0047141789902881166	0.019342760191177397	0.015137127478600552	0.0	0.06245893376297242	0.025026777436746743	0.18399249331689183	0.013327962844618863	0.0	0.012648401004491409	0.0	0.0	0.013982772432291339	0.0	0.26411103410410347	0.007281662631299448	0.0	0.01916049360491805	0.0	0.015069621335541534	0.0	0.0036430815204183584	0.0	0.15067821171726628	0.0	0.027371490805663312	0.0029590192707536385	0.003568824763053438	0.0	0.0	0.0	0.05967993087370951	0.00422588455549455	0.0	0.0	0.0	0.0	1.2593878542947408	0.0	0.0	1.0256410833385838	0.0	0.0	0.0	0.12904699327638816	0.0060980549229979935	0.003604828039351581	0.0	0.0	0.004336144589157613	0.0	0.03828498393353795	0.0	0.020418358070584425	0.0	0.0	0.0	0.0	0.0	0.0	0.0	0.10935320114130387	0.013339213868462029	0.017837373200961286	0.020078577150520697	0.011462543091421319	0.16962718607393273	0.0	0.0
9	0.0	0.03095923815079009	0.0	0.9222393700404661	2.443863849023587	0.0	0.0	0.0	0.01481328456331798	0.008919565930660704	0.0349126879002564	0.06811194419802895	0.0013407703556079442	0.0	0.0	0.0	0.0	0.12458227509691215	0.0	0.009016781908106597	0.0	0.002531666079320136	0.0	0.0	0.015404681759447167	0.0	0.005614222697500334	0.0	0.0037266124687592404	0.0	0.0	0.0	0.0	0.0	0.0	0.0	0.0	0.0	0.0	0.004504340288326386	0.0	0.06954587986535588	0.0499609110757353	0.0	0.0	0.0	0.0	0.0	0.09157340008830453	0.0	3.095137985927987	0.0	0.0	0.04038513729731481	0.0	0.0	0.027074649718681267	0.007805632855759845	0.0	0.018049766479120846	0.0	0.0	0.006075998590368327	0.17565711924754834	0.0	0.0	0.0	0.0019686235432793383	0.0	0.0	0.0	0.0	0.0	0.0	0.0062258732222640785	0.0	0.0	0.006306886536802324	0.0	0.0	0.1572832995102745	0.0027625540257541327	0.020435608592272142	0.0558951363656617	0.002252170144163193	0.054043982128462814	0.057462744001976734	0.13306031846333946	0.0	0.0	0.008251206085720188	0.0	0.0	0.0	0.0	0.5159656989626245	0.017308494651095907	0.0	0.0	0.01647000684562508	0.0	0.0	0.01649836150571346	0.0	0.09095769889781384	0.0	0.11261660853961349	0.0	0.0	0.0	0.004050665726912218	0.0	0.0	0.0	0.0	0.0	0.0	0.0	2.1633025887804664	0.0	0.0	1.5707347502562048	0.005440044071243108	0.0	0.0	0.06594483803413091	0.013172764943918534	0.0	0.0	0.0013772263471501542	0.005966630615741697	0.0	0.02859364936627335	0.005403588079700899	0.01148768800152305	0.0	0.0	0.0	0.0	0.0	0.0	0.02966707578390508	0.03115772077140878	0.021468528352634755	0.0	0.0	0.021561693664353735	0.027876681532609884	0.0	0.0
10	0.0	0.0	0.0	0.3801036115000137	1.3565890560843321	0.008361079410645865	0.0	0.0	0.0311814926801338	0.0	0.02571855477252138	0.016204493491927163	0.15700554137204845	0.0	0.01773788094481766	0.004090340443388198	0.0037844472942182277	0.41532838413904805	0.0	0.03788369001258868	0.0	0.0015647611092156194	0.0	0.0044158421277613715	0.0	0.0	0.0	0.05433525104807621	0.0020314442470518567	0.0	0.0	0.0	0.0	0.0	0.0	0.0	0.0	0.0	0.03295018255546275	0.0	0.0	0.0	0.0	0.0	0.014075006568859294	0.011451384558670698	0.0	0.06150805322540794	0.006910047805608826	0.0	1.9312760058198133	0.01453384629261425	0.0	0.04047201665941151	0.0	0.0	0.0	0.0	0.0	0.052005757065935666	0.0	0.00778851018271233	0.0	0.0539391586369715	0.0	0.0	0.0	0.0	0.0	0.0	0.0	0.0	0.0	0.0	0.0	0.0	0.0	0.012463184975155986	0.0	0.005631571310359973	0.05799812542403457	0.09539944547062444	0.021651744571377026	0.03728366883537067	0.0024510669004004066	0.3273291998541125	0.004321721158785996	0.33655697652073996	0.06393951159060515	0.0	0.0	0.0033726680549509593	0.0	0.022451772807667723	0.0	0.18750465702711078	0.012867120800341973	0.0	0.009270915444074497	0.0	0.08743838017812393	0.0	0.050746889105890015	0.0	0.1264554435254578	0.008529712813393413	0.04823699659988	0.0	0.0	0.0	0.0	0.0	0.06241788925883658	0.0	0.0	0.0	0.010145456114137362	0.0	1.8541713236937776	0.0	0.0	1.1831554839190401	0.0	0.0	0.0	0.01735747536187552	0.0	0.0	0.0	0.0	0.0	0.008780702063994417	0.0065257205156260415	0.0	0.0018039852386946991	0.0	0.0	0.0	0.0	0.0	0.0	0.0	0.02502441262632799	0.00850226086410893	0.01587114839347271	0.0	0.0015294657458498535	0.03333058813840489	0.0	0.0
11	0.0	0.0	0.04415028348716662	1.0287721829688126	1.931008973826123	0.0	0.0	0.0	0.012680463303507713	0.006610779570103279	0.042255141063946025	0.07940516053816817	0.019403644424229594	0.0009750181018776288	0.01521864715584867	0.050951884294366596	0.011078087709805338	0.13278282713425713	0.0	0.036462540222764184	0.0072616629678714534	0.008532061888816568	0.0	0.0	0.06090334250843665	0.0	0.020091123675687543	0.011363012570675741	0.0	0.0	0.01746145018912214	0.0	0.0	0.020310698797826206	0.0	0.0	0.0	0.014400468426927231	0.02483290071806293	0.002054595785726049	0.06715339152074071	0.1117375972730861	0.08247659825856016	0.0	0.019795742856620054	0.0	0.004294784829450252	0.0	0.33390056906552484	0.0028021967968172067	2.0864472483839007	0.014065877764620698	0.0	0.0885802638561051	0.0	0.0	0.03720752724430607	0.012785022885478501	0.006419958333006584	0.02079951484353966	0.0	0.0	0.0	0.47306153070000023	0.0	0.0	0.05371748523749402	0.003975878104439339	0.0	0.004103963592353557	0.0036857252644703926	0.0	0.0	0.0	0.005225365108990293	0.0	0.033963566213662276	0.016855004613691556	0.0	0.0	0.07512867363556282	0.007227681103730946	0.15135260889226965	0.00949139605339858	0.012319732745708483	0.1835099083273865	0.008955528195798272	0.20591441275417785	0.0	0.0	0.010105683597476977	0.0	0.0	0.010155349398913103	0.025907250422812812	0.16534790893906004	0.004950896206316968	0.008717655146814723	0.0	0.0062369790645577005	0.0	0.0	0.0	0.0	0.11725050123249608	0.0	0.1148874546799562	0.0045169739411381835	0.0	0.0	0.004386274463674695	0.0	0.03907652977203398	0.0	0.002004929984289923	0.0	0.07353152602095897	0.0	1.844922456000021	0.0	0.0	0.9854531481583136	0.005065911746484837	0.0	0.0	0.027287436904827257	0.0	0.0	0.0	0.016716463167580256	0.0	0.0034739921109795398	0.08000637813450022	0.06871917126075329	0.0014403082416476498	0.0	0.0038922304388627053	0.0	0.0	0.0	0.0	0.014970318148668041	0.029057107829682897	0.012633411491620858	0.009692673248692352	0.0	0.020412644390247727	0.018794584859249733	0.0	0.001056051777904992
12	0.0	0.0	0.039467317163709166	0.5377935688291715	1.6185544117354616	0.0010407068852372084	0.001261111368894133	0.0	0.01977011646636926	0.008819493699414685	0.013066837245374822	0.12674086398557594	0.0935873895491817	0.0	0.01467098416402071	0.0031138347728673797	0.0	0.17186909630847344	0.0	0.05978430189779861	0.0	0.012218362842124103	0.004499234384425192	0.002555366269165247	0.0437958623615429	0.0	0.001491458911964152	0.027330155973458663	0.0	0.0	0.0005319536786005475	0.0	0.0	0.013704850224381709	0.0	0.0	0.0	0.0035430435041992852	0.06285339290330706	0.0	0.003970595058962342	0.12539689378823934	0.019889433179326392	0.0	0.003209951013860625	0.01278346005210163	0.06186074413856649	0.036419769453595735	0.06151605141224588	0.0	1.9989377498193677	0.0271694098462803	0.0013704850224381707	0.05964178471287759	0.0	0.0	0.05317548174122856	0.0	0.0	0.031108518550434512	0.0	0.0014483723211740766	0.0	0.179054613911003	0.003390583259865172	0.0	0.0	0.0	0.0	0.007372778554809459	0.003596073154402455	0.0	0.0	0.025139368549440204	0.005097475125779701	0.0	0.05916286068448021	0.07332840599500196	0.0005336108551693967	0.0	0.11170364379983959	0.017771561524337297	0.0031171491260050775	0.003978880941806587	0.01426000437494614	0.1469136743581755	0.10314432682173419	0.18528559780987544	0.06981022013933541	0.0	0.030435704863481797	0.009702768810611233	0.0	0.023699282111110373	0.008219595781491326	0.26025295143146915	0.033574397284881916	0.0	0.002583538270835681	0.008824465229121232	0.006895511702980929	0.0	0.008595774862620063	0.0	0.05974452966014623	0.0	0.1024516270159553	0.01456492486361437	0.0	0.0	0.0	0.008037306358917931	0.017844477293366655	0.002465878734447398	0.0	0.01589563764840016	0.009000125945419232	0.0022769606055986053	2.164260998680887	0.0	0.0	0.9835359507884847	0.0	0.0	0.0006777852166592645	0.03696663772131593	0.0	0.009725969282575119	0.0	0.004640094392777362	0.010760047461536934	0.007134145128895194	0.025643150226370322	0.01027283755029531	0.00731477737489974	0.0	0.004181056483206173	0.0	0.013073465951650218	0.0	0.0	0.05077423289296629	0.03977058047580854	0.04423335697571904	0.012007901417880273	0.0	0.0009280188785554722	0.055507129173599186	0.0	0.0
13	0.0	0.0	0.09685689201053556	3.117401229148376	17.91511852502195	0.0	0.0	0.0	0.2805970149253731	0.04235294117647059	0.2864618086040386	0.28884986830553117	0.413766461808604	0.0	0.008604038630377524	0.15975417032484637	0.0	3.4659877085162423	0.0	2.3344688323090432	0.0	0.0	0.0	0.0	0.48291483757682185	0.0	0.1922036874451273	0.20684811237928008	0.0	0.0	0.0	0.0	0.05327480245829675	0.0	0.0	0.0	0.0	0.0	0.288990342405619	0.0	0.0	1.704934152765584	0.27501316944688325	0.0	0.10756804214223004	0.0	2.9480597014925376	0.036979806848112376	0.0	0.842739244951712	1.1340825285338016	0.0	0.0	0.3873222124670764	0.0	0.0	3.0945039508340653	0.0	0.0	0.05720807726075504	0.0	0.0	0.0	4.374714661984197	0.0	0.0	0.0	0.8212467076382793	0.0	0.10809482001755927	0.11736611062335384	0.39248463564530295	0.0	0.6012993854258121	0.0	0.0	0.0	0.036347673397717294	0.0	0.0	0.059069359086918356	0.1136435469710272	0.0	0.3528007023705005	0.9295522388059702	0.826900790166813	0.0	4.4920456540825295	2.2344512730465316	0.0	0.041334503950834066	0.019490781387181737	0.0	1.2213871817383668	0.0	0.2308340649692713	2.037682177348551	0.0	0.1279367866549605	0.10437225636523266	0.0	0.0	0.030307287093942058	0.0	0.1164881474978051	0.0	0.0	0.023810359964881476	0.0	0.0	1.4200877963125549	0.0	0.5216505706760316	0.0	0.0	0.2067778753292362	0.0	0.0	9.879192273924495	0.989569798068481	0.0	0.0	0.0	0.2716066725197542	0.0	0.202739244951712	0.0	0.0	0.0	6.930324846356453	0.09274802458296752	0.0	0.9902019315188761	0.7352765583845479	0.27817383669885865	0.0	0.0	0.011308165057067604	0.0	0.0	0.0	0.0	0.0	0.0	0.0	1.1894995610184371	0.0724846356453029	0.32210711150131693	0.0	0.1735206321334504
14	0.0	0.0	0.04203790980081874	6.596322542915132	6.571639891293131	0.0	0.0	0.0	0.6177887096219341	0.0	0.06611854552960197	0.5300491932987031	0.30986618046716435	0.02146616670680106	0.0	0.0499845195913172	0.0	3.3722350270047134	0.0	0.16266469434793082	0.0	0.008686229316453953	0.0	0.0	0.3266710241150366	0.0	0.015205201417317418	0.3747978946644192	0.0	0.0	0.0	0.0	0.0	0.013381953283566686	0.0	0.0	0.0	0.09661495063469676	0.2807458116894286	0.1320478860641921	0.0	0.0	0.5988338092125632	0.0	0.03926863669200867	0.026075888403453852	0.11684268464687468	0.1497299528707558	0.18810416594998106	0.026093088857545844	0.0	0.0	0.0	0.9215143279782586	0.0	0.0	0.15814097492173793	0.663627919777082	0.03780659809418969	0.36566445354157345	0.0	0.03981905122295228	0.0714162853899343	1.2683270838350131	0.030857614641026522	0.0	0.38172967766349036	0.0520141731741718	0.05471464446661392	0.019419312669854482	0.01525680277959338	0.06224844335890467	0.0	0.0	0.11016890845918333	0.0	1.3874402284220304	0.16295710206749459	0.0	0.0	0.7725583955416423	0.05533386081392549	0.4795486600846262	0.7301076748426159	0.01893769995527882	2.4524063435274694	0.16085864666827204	2.3579758505624553	0.6833568406205924	0.0	0.9350682858027451	0.0	0.010010664281537032	0.2642505762152121	0.1007258591626819	0.62632013485156	0.2932161409061199	0.0	0.014448381437269946	0.016237228662836698	0.0	0.0	0.04943410506037359	0.0	0.9070143451787128	0.1347655578107262	0.31781279025766285	0.15220681826000207	0.0	0.0	0.0	0.0	0.40651553201004503	0.0	0.0	0.708280298599883	0.30683890054697444	0.0	13.0244762461729	0.0	0.02041693900718979	0.1531528432350614	0.0	0.0	0.03868382125288107	0.22238467095531322	0.0	0.06217964154253672	0.0	0.05044893185180088	0.15910420035088926	0.0	0.7239843131858681	0.3843957480477485	0.03135642780969417	0.0	0.0	0.0	0.0	0.017664866352471706	0.0	0.5539922253947503	0.5814613505796553	0.18266882245691285	0.16546836836492484	0.0	0.06104441157246551	0.7167601224672332	0.009701056107881247	0.0
15	0.0	0.0	0.4528510956175299	4.627826195219124	7.584113545816733	0.0	0.0	0.0	0.263832171314741	0.0630851593625498	0.07180029880478088	0.0	0.4352589641434263	0.0	0.0	0.0922808764940239	0.0	0.7150647410358566	0.0	0.2144422310756972	0.0	0.3025771912350597	0.0	0.0	0.4240911354581673	0.04726095617529881	0.0	0.17711653386454182	0.04551792828685259	0.0	0.0	0.0	0.0	0.028249501992031873	0.02028137450199203	0.0	0.0	0.0	0.16948456175298804	0.28560756972111556	0.0	0.0	0.21508964143426298	0.0	0.0	0.0	0.0	0.0	0.0	0.0	0.05326195219123506	0.05042330677290837	0.01821464143426295	0.25175547808764936	0.0	0.0	0.09377490039840637	0.0	0.0	0.06587400398406375	0.0	0.07156374501992031	0.016608565737051793	1.1840263944223108	0.007806274900398406	0.0	0.08627988047808766	0.1413222111553785	0.0	0.0	0.0700323705179283	0.07299551792828685	0.0	0.0	0.08513446215139442	0.0	0.0	0.44331424302788847	0.08147410358565738	0.0	0.0	0.0	0.0	0.044845617529880484	0.0	1.0041583665338645	0.45435756972111563	1.160956175298805	0.0	0.0	0.01916085657370518	0.0	0.0	0.0	0.1814118525896414	0.21678286852589643	0.0789965139442231	0.0	0.0	0.0	0.0	0.01335906374501992	0.31272410358565733	0.0	1.0933391434262947	0.0	0.20133217131474102	0.0	0.0	0.0	0.0	0.025124501992031874	0.15866533864541835	0.057930776892430286	0.0	0.13504731075697213	0.0	0.0	7.831548804780877	0.0	0.0	0.23752490039840635	0.0	0.0	0.0	0.4471489043824701	0.0	0.0	0.0	0.0	0.0	0.0	0.24724850597609557	0.014828187250996017	0.0	0.0	0.044434760956175295	0.0	0.018152390438247012	0.030540338645418327	0.0	0.1202066733067729	0.02405378486055777	0.1303535856573705	0.0	0.0	0.3015687250996016	0.23319223107569725	0.0	0.0
16	0.0	0.0	0.0	2.7901417118924496	6.740682423089527	0.0	0.0	0.0	0.2005706841015722	0.06429387833398607	0.029141655943027502	0.055573761319766934	0.24465083564457726	0.0	0.022459696434423283	0.0	0.0037486112554250962	1.3730867295964446	0.0	0.20395162772853342	0.0	0.1619416047892705	0.0	0.0	0.13760360633986876	0.0	0.024361976772997212	0.17182866688513582	0.0	0.0	0.0	0.0	0.0	0.0	0.0	0.0	0.0	0.0	0.3048204423201426	0.0	0.0	0.08027143462310073	0.6377834437668347	0.0	0.10369026400134278	0.0	0.07013659651674886	0.02193217331532295	0.11403291424552205	0.0	0.1176296627848425	0.07547576990400678	0.0	0.3361121546122306	0.0	0.008472341003732627	0.1725080527203408	0.0	0.0	0.054238967972952454	0.005594942172276262	0.0	0.0	0.7546138290984948	0.02785481924340396	0.0	0.0	0.0	0.0	0.0	0.0	0.0508500315714594	0.0	0.0	0.09208475538113546	0.0	0.2949813368714682	0.27153852916963067	0.05771582489429556	0.0	0.5950300927961123	0.05827531911152318	0.07250245777816855	0.06494129307106376	0.0365030012868367	0.8135685340452232	0.20001918265887636	0.9245242300959932	0.283823423625043	0.0018063670441920503	0.337766658940318	0.08660970482683654	0.0	0.09335560653169535	0.14347030284622703	0.9018327432001471	0.020741249910081288	0.0	0.0	0.0	0.042329733920535836	0.0	0.061656262738484416	0.0	0.5104105888276997	0.0	0.4444382278420308	0.546346103122777	0.0	0.0	0.0	0.06572458497518244	0.13935402396233804	0.05932237257519203	0.0	0.09408294901409125	0.05295213127332891	0.0	8.914357420891513	0.0	0.0	0.1510314675533318	0.003548791892129515	0.0	0.014418965255409108	0.23084731402811856	0.0	0.0	0.0	0.0	0.0	0.0	0.3795209130945625	0.3028222486871868	0.07856897364782237	0.0	0.0	0.0	0.0	0.02332291608386019	0.0	0.37798630038445247	0.21899402939742474	0.017408262930311	0.05362352433400207	0.0	0.0046597875520529445	0.014450936353536403	0.0	0.0
17	0.0	0.0	0.0	1.2748593739659853	3.80525445040037	0.0	0.0	0.0	0.05252465091655086	0.006955198199986765	0.16124015617761897	0.0829197273509364	0.011799351465819601	0.0	0.0	0.0	0.005400039706174311	0.8075971146846668	0.0	0.057170273310833165	0.0	0.17713586129309772	0.0	0.00608166236516445	0.04859373965985044	0.0	0.16701078684402093	0.0	0.0	0.0	0.0	0.0	0.0	0.0022103103699291906	0.0	0.0	0.0	0.0	0.09131096552180532	0.0	0.013678777049831252	0.13920984713122891	0.0	0.0	0.011428760505591952	0.0	0.0	0.0	0.0	0.0	0.2263979882205016	0.03645026801667659	0.056885712394944075	0.15425186949904046	0.0	0.0	0.27501158096750716	0.0	0.0	0.02038912050823903	0.0	0.0	0.0	0.2797961749718748	0.07006816226589901	0.0	0.0	0.0	0.0	0.0	0.011528025941367216	0.0	0.0	0.0	0.0	0.013500099265435776	0.8396466150486401	0.01579643967970353	0.004506650784196943	0.0	0.17977632188471976	0.0	0.029501687512408177	0.10230295810998612	0.0	0.6147971676262325	0.05887763880616769	0.5769571835087024	0.0	0.0	0.09075507908146382	0.0	0.0	0.0	0.25491363907087555	0.5332009794189663	0.0	0.0	0.0	0.008947124611210376	0.0	0.0	0.0	0.0	0.0	0.0	0.005175038051750381	0.0	0.0	0.0	0.0	0.0	0.04809741248097413	0.0	0.0	0.0	0.09510290516842036	0.0	3.8985771954205544	0.0	0.0	0.1338098074250546	0.02228839917940573	0.09747204023558997	0.04954668784329297	0.13515319965587982	0.0	0.011461848984183707	0.0	0.0	0.0	0.0	0.3525577393951426	0.0	0.04208854476871154	0.0	0.0	0.0	0.0	0.0	0.0	0.0	0.08630136986301369	0.009767718880285884	0.010912580239560583	0.0	0.0	0.10812653034213487	0.0	0.0
18	0.0	0.0020066066577694485	0.0	0.97105564547425	6.051608598120226	0.035271791085744575	0.003776585171934009	0.0	0.03705123472565333	0.020577183367881044	0.020103927080671265	0.0611541774332472	0.12536085791899745	0.0	0.1336712383224011	0.017751843333238683	0.0	0.8496228147390937	0.0	1.277938684915429	0.028788179950970647	0.41491798468542657	0.0	0.0	0.05485986881335718	0.0	0.03165611305146189	0.0	0.016819528447435422	0.0	0.02511571116222279	0.0	0.0023236883701999982	0.1478357989985897	0.0	0.0	0.0	0.0	0.19709231337138317	0.4070193372518954	0.009725416702160887	0.02026483421832259	0.023402523402523405	0.0	0.08500629430861988	0.0	2.3385202222411516	0.04443876536899793	0.2627802860361	0.010600940833498973	0.1357630311118683	0.06783182364577713	0.020241171403962102	0.4224096317119573	0.0	0.0	0.12733433663666222	0.0	0.036847734522153126	0.03550368666647736	0.0	0.021301265487311996	0.0	0.6666335387265622	0.004841411818156004	0.0	0.09192530122762681	0.0	0.03624669903739671	0.03238966029663704	0.0737995854274924	0.010425836007231357	0.0	0.23987941429801896	0.25763125763125755	0.0	0.5561471259145678	0.012238407587244796	0.08345874624944392	0.0	0.10884421349537628	0.06640258965840361	0.046672535044628066	0.0022858278672232162	0.044727451704195884	0.3150230475811871	0.11736282666515226	0.3836120812865	0.057103103614731525	0.01849012314128593	0.2854066691275993	0.03362012664338246	0.0	0.16193883635744102	0.3025006862216165	0.624811880625834	0.0	0.0	0.044012834710509124	0.0111783135038949	0.004202515830422807	0.0	0.0022716301786069224	0.0	0.041708076591797524	0.0	0.103359173126615	0.05505863645398529	0.008092682511287162	0.0	0.046464302278255765	0.0	0.27825576662785967	0.0	0.0	0.06634579890393844	0.12662918476871965	0.07685208847999545	7.039422248724575	0.0	0.0	1.154778468731957	0.0	0.0	0.0	0.2683457799736869	0.0	0.0	0.0	0.3523960965821431	0.08373323489602559	0.010089824043312415	0.526573340526829	0.027089189879887555	0.021438509810602833	0.0	0.017562540818354774	0.003786050297678204	0.3277725719586184	0.08824809987600685	0.0	0.0	0.16362836130277988	0.028854435831180015	0.0032938637589800383	0.25458821970449874	0.007359135266112011	0.22097755818686046	0.0	0.004401283471050913
19	0.0	0.0	0.051819066739672695	4.1794883494554975	7.771232585021598	0.0	0.0	0.0	0.0	0.06000182515057493	0.050800024335341	0.0	0.3039788282533309	0.0	0.0	0.11061933442842369	0.049598466873517065	1.0762456652673846	0.0	0.17329804708888483	0.0	0.0	0.0	0.029795583135608688	0.09200279856421488	0.0	0.03055606254182637	0.05876984851250228	0.0	0.0	0.0	0.0	0.0	0.0	0.0	0.0	0.0	0.0	0.798305651882947	0.0	0.0	0.036883251201557464	0.0	0.0	0.0	0.039134270243961794	0.03552959785848999	0.0	0.518540487923587	0.0	0.04471618908559956	0.040320618117661376	0.043164811096915494	0.4371083531057978	0.0	0.0	0.04892924499604551	0.0	0.0	0.0	0.0	0.0	0.044929123319340514	1.0273012106832147	0.1179807750806108	0.0	0.0	0.0	0.11525825880635153	0.06683093021840968	0.08377441138893958	0.0518799050921701	0.0	0.0	0.054906613128916475	0.0	0.0977976516395936	0.07343189146437915	0.009080124110239096	0.0	0.705222972561903	0.07338626270000609	0.13469611242927543	0.040640019468272795	0.012897730729451847	0.16443085721238668	0.049720143578511886	1.3616992151852525	0.047712477946097225	0.0	0.5772342884954677	0.0	0.0	0.0	0.3109752387905335	0.7373152035042891	0.10239094725314837	0.0	0.0	0.061583622315507694	0.0	0.18958751597006754	0.0	0.0	0.0	0.0	0.29269331386506053	0.0	0.0	0.03924073736083227	0.0	0.060351645677435055	0.16826367341972379	0.026023605280768997	0.0	0.08813956318062907	0.0	0.0	9.076686743322993	0.0	0.0	0.4312222425016731	0.0	0.0	0.0	0.38909168339721356	0.0	0.012882521141327494	0.0	0.0	0.0	0.0	0.3032487680233619	0.08058039788282534	0.032487680233619275	0.0	0.0	0.0	0.24598466873517066	0.012380604733223824	0.0	0.1079272373304131	0.31990326701952915	0.07118087242197481	0.06369775506479285	0.04363630832877046	0.0	0.1687807994159518	0.0	0.0
20	0.0	0.0	0.0	2.4300888185910696	7.91973476091982	0.0	0.0	0.0	0.03575860810317557	0.0	0.785156345054143	0.34273025915561506	0.597834286409539	0.0	0.0	0.027059252950480596	0.04568682321450298	1.783501642535588	0.0	0.512154763353206	0.027813602628056943	0.031050006083465146	0.005827959605791459	0.022204647767368295	0.1889402603723081	0.02642657257573914	0.02093928701788539	0.0	0.0	0.0	0.0	0.0	0.0	0.0	0.0	0.0	0.0	0.0	0.3395668572819077	0.0072636573792432164	0.013991969826012895	0.1090156953400657	0.004586932716875532	0.0	0.02163280204404429	0.0	0.022958997444944642	0.0	0.005742791093807032	0.0	0.09521839639858865	0.2521474631950359	0.0	0.41326195400900356	0.0	0.0	0.1227521596301253	0.0	0.0	0.38549701910208045	0.0	0.042134079571724055	0.0	0.9408078841708236	0.06448473050249422	0.0	0.02326317070203188	0.0	0.024601533033215717	0.00810317556880399	0.005316948533884901	0.009745711157075069	0.0	0.03810682564788904	0.34028470616863365	0.0	0.885959362452853	0.017520379608224845	0.02628056941233727	0.0	0.3960092468670154	0.0	0.6239810195887578	0.10233605061442998	0.0	0.5383501642535589	0.35243946952183963	0.2874680618080059	0.022800827351259274	0.010840734882589123	7.1412458936610275	0.0	0.0	0.010682564788903759	0.05868110475726973	0.5656770896702762	0.05874193940868719	0.0	0.0	0.0	0.0	0.0	0.04642900596179584	0.0	0.4317191872490571	0.0	0.0924808370848035	0.05392383501642535	0.0	0.0	0.0	0.016109015695340064	0.10843168268645821	0.0	0.0	0.13909234700085168	0.30462343350772597	0.0	11.483903151234944	0.09838179827229589	0.0	0.0920184937340309	0.0	0.021693636695461732	0.0	0.26942450419759095	0.0	0.027582430952670645	0.0	0.0	0.0	0.0	0.14830271322545324	0.10480593746197833	0.4093442024577199	0.0	0.0	0.0	0.08434116072514904	0.0	0.0	0.024869205499452488	0.07999756661394329	0.0068621486798880645	0.0573305754958024	0.09172648740722716	0.08881859106947318	0.4965810925903394	0.0	0.0
21	0.0	0.13051470588235295	0.03999863834422658	4.73209422657952	8.692458696441538	0.0	0.0	0.0	0.19973220769789393	0.0	4.6158428649237475	0.08560275962236746	0.04948484023238924	0.0	0.0	0.06018518518518518	0.0	2.6310934095860565	0.0	1.0304783950617287	0.0	0.35642474582425565	0.0	0.0	0.1821668482207698	0.0	0.05874409949164852	0.1654525236020334	0.0	0.0	0.0	0.0	0.0	0.005117556281771968	0.0	0.13349900145243282	0.0	0.0	0.3448506717501815	0.03392792302106028	0.0	0.04125816993464052	0.2469476216412491	0.0	0.007852214960058099	0.020368100944081334	0.11495778867102396	0.04824800290486565	0.48497639796659403	0.0	0.08189224763979666	0.03475626361655774	0.0	0.31403186274509803	0.0	0.0	0.012425108932461872	0.0	0.054193899782135076	0.010825163398692808	0.022977941176470586	0.0	0.022932552650689907	1.378324709513435	0.0	0.03565268700072621	0.08963099128540306	0.0	0.04943945170660857	0.0	0.07265568264342774	0.0	0.0	0.057927106027596216	0.08843954248366012	0.0	0.0	0.0995824255628177	0.00326797385620915	0.0147739651416122	0.18468591140159768	0.04611474219317357	2.03590232389252	0.035539215686274515	0.0	0.2397421931735657	0.2629584241103849	2.0468523057371097	0.0	0.0	0.14610566448801743	0.0	0.0	0.08828068264342775	0.11087282135076253	0.3571169208424111	0.0	0.0	0.0	0.17544934640522877	0.1448007443718228	0.0	0.05204929193899782	0.0	0.6065495642701525	0.049859295570079884	0.05566902687000727	0.0	0.0	0.0	0.0	0.0	0.5409744916485112	0.1733728213507625	0.0	0.0	0.1906318082788671	0.0	8.269675925925926	0.0	0.0	0.1490559186637618	0.0	0.03994190268700073	0.0	0.3213053740014524	0.0	0.0	0.0	0.0	0.04625090777051561	0.01720225127087872	0.35602759622367464	0.0	0.0476466049382716	0.0	0.0	0.07152096949891068	0.0	0.0	0.0	0.0	0.0	0.025190631808278865	0.05290032679738562	0.0074550653594771255	0.02940041757443718	0.09600807915758895	0.0	0.0
22	0.0	0.0	0.3354200858942734	3.7325091152103624	13.085540475465097	0.0	0.046101834835336544	0.0	0.21636708499995091	0.0	0.2594714652147848	0.32394130885575856	1.227708273957525	0.0	0.0	0.0	0.021267186225467555	2.2150010319106075	0.0	0.43883718416164635	0.0	0.2019891305416057	0.0	0.0	0.2772989494167248	0.08161921515827543	0.1015400037345336	0.0526765795603078	0.022446512633534147	0.0	0.03341424822855346	0.0	0.020756144781972033	0.1892720607746209	0.0	0.0	0.0	0.0	1.1947461008520632	0.024588955608188454	0.08180594183955263	0.17789156093677827	0.48692421845056166	0.0	0.07408135386671647	0.0	0.06629779957347694	0.0	0.48887010702387157	0.018957672009670475	0.16068322309907324	0.09832633927255216	0.0433107623362456	0.3004923687753678	0.0	0.0	0.4837105539885802	0.13094454217566068	0.0	0.018073177203620533	0.0	0.08347665425098032	0.0	1.8072096154413138	0.09202677070946311	0.0	0.0	0.02248582351380303	0.04316334653523729	0.8744213929810424	0.02907039595884151	0.026652776822304998	0.0	0.005690249918921309	0.30731280650201964	0.0	0.28356903481961215	0.06225860662584887	0.015665385787151237	0.0	0.35294291077412954	0.05942822324648905	0.10709266557251383	0.0913879689050937	0.5253309484732638	0.9369256926085718	0.6468900179847278	1.4242430198618223	0.0	0.17011783436360597	0.563973543777579	0.0	0.3065462443367763	0.034927717118905584	0.33240297583363637	0.9487091289691705	0.1442021365463426	0.0	0.0031841813017798003	0.007272512849743988	0.0	0.026436566980826116	0.04265230509174176	0.0314781873753108	0.19029414366161193	0.0	0.004864721433274695	0.1431014318988138	0.0	0.10283726278340688	0.0	0.03995950979332304	0.40353601368018643	0.002034338053914872	0.0	0.0	0.3561172643558421	0.0	11.587884386701129	0.0	0.0	0.2322978192289171	0.0	0.08006643538765441	0.0	0.0	0.0	0.0	0.0	0.0	0.030662486609731407	0.0	1.4725462639922164	0.17171975273456314	0.39231275736341925	0.0	0.0	0.0	0.01151808791878372	0.0	0.0	0.6030682142049866	0.20707988953642642	0.08231698328304815	0.03666722357080381	0.0	0.24717698741069058	0.7203325700470748	0.0	0.03724705905476988
23	0.0	0.03681027597111513	0.08003977374606744	2.648559831776615	3.7337995337995333	0.0	0.0	0.0	0.04579849055373531	0.03398047174270951	1.5172575676072184	0.04101586059628018	0.27002135393743787	0.012864524752636641	0.002849365087127325	0.014990138067061143	0.0	1.0596834401030204	0.0	0.1316347987676659	0.0	0.09505599295809088	0.0	0.019430452996886564	0.20085089735439385	0.0	0.06818589336071854	0.04919881982819045	0.01671475377769084	0.014442434022853603	0.0	0.0	0.016369178606940843	0.034449932352030255	0.0	0.0	0.0	0.010781293298775817	0.2846235349731853	0.029566237957846346	0.04222863383702544	0.2021842958905896	0.05816095326584837	0.0	0.025125923028020927	0.005630267168728708	0.018729522226025724	0.0	0.006653952108497563	0.008388348248488109	0.04128971261838395	0.0641498361778082	0.00902407615694329	0.2389782711461033	0.0	0.00515102613004711	0.04931292483740036	0.0	0.01643764161246679	0.01891535038388185	0.0	0.0641889578952516	0.002451627626452801	0.7034149999184964	0.02596703995305394	0.0	0.0	0.0	0.09454741063132671	0.01800251031020262	0.005007579832754658	0.19905455849511794	0.0	0.011205111904412602	0.10888878021745153	0.0	0.5609402252758897	0.21576931227280877	0.049097755391461696	0.0048804342510636225	0.21784276329730873	0.01114316918512723	0.200472720752441	0.08768480936313106	0.018602376644334687	0.5122793290625459	0.252788237403622	1.4312615123803936	0.014862992485370109	0.0	0.17855803869789885	0.005170586988768807	0.047633951130454634	0.014282687009959738	0.08015713889839764	0.17000994343651687	0.0	0.021973364630707287	0.0	0.005177107275009372	0.0	0.014585880320146054	0.07780983585179388	0.0	0.7950282817415685	0.0	0.12926467471922018	0.0	0.0	0.006034524915643797	0.0	0.00575415260729946	0.19667465401731135	0.0072212170114268025	0.0362234502094642	0.006477904380002283	0.06220679087811955	0.0	5.463882504441945	0.047888242293836696	0.0	0.04968132100999234	0.0	0.0	0.0	0.05187865747306306	0.08593737265065937	0.0	0.0	0.007658076189544721	0.0	0.00795148907037019	0.38398943713629025	0.014543498459582378	0.02926630479078032	0.010504181133551763	0.015244429230443219	0.0	0.0662363277747893	0.0	0.0	0.1148939638450128	0.08117104340880563	0.017973169022120074	0.011055145320879586	0.007175575007742839	0.03215153145223075	0.29100037491645886	0.0	0.0
24	0.0	0.009914139911164015	0.13556856131997488	1.6874097587320485	5.39394239989419	0.0	0.0	0.0	0.23404865037639563	0.0	0.1041067354429124	0.2957819440311257	0.3675230631881758	0.0	0.0	0.0	0.0	0.25521608306054294	0.0	0.07320702311278643	0.039645537810402406	0.2538934629501042	0.013804847402704759	0.004100122342360216	0.11453339064687147	0.0	0.02039590428639134	0.03841109237399288	0.0	0.0	0.0	0.0	0.006651676972081693	0.09383989683563139	0.0	0.0	0.0	0.0152762622755679	0.02102414883884976	0.0	0.0	0.1123400456303938	0.14432540863450496	0.0	0.027031048507092554	0.01135248928126619	0.01691300466223589	0.020412437037771826	0.08872025482480794	0.0	0.00817269009908629	0.16463864916399387	0.0	0.18502904253325836	0.0	0.0	0.19528485930628572	0.4257073262132284	0.0	0.03619570368900793	0.0	0.07188991391947448	0.0	0.36956761344222905	0.0052794586075014605	0.0	0.002320096110394692	0.0	0.0	0.04047217537942664	0.0	0.05959505780952066	0.0	0.009704725060344543	0.02379614015364437	0.0	0.41946896802565875	0.047658411312810685	0.0027664803976677798	0.0	0.45536157127269117	0.020186489435571865	0.08388166958745276	0.07508073493590804	0.0	0.2122695058911704	0.05194590483748305	0.37347485368515027	0.04933373011936647	0.0016257205524143328	0.029345633700360415	0.0018571790717411194	0.04683177374378644	0.0493006646166055	0.07089243791951856	0.22448169824422182	0.0	0.002303563359014207	0.0018682009059947757	0.0	0.08120336386381422	0.0	0.029037022341258028	0.0	0.021525642297391134	0.0	0.26137728840833696	0.04279227148982134	0.0	0.0	0.0	0.044274708196938135	0.14249027323127111	0.09355884006216314	0.0	0.0	0.04130432386557771	0.03363312722503279	5.2001234445436415	0.0	0.0	0.043591354473211434	0.0	0.0	0.05409516251694607	0.04634681303662555	0.0	0.01581082123687024	0.0	0.0208753540764254	0.0	0.0053841660329111965	0.4946544103869766	0.02891578216446781	0.1416636356622469	0.0	0.037275843445866264	0.0	0.057142699688082096	0.0	0.0	0.046903415666435216	0.10124656945408855	0.007831013237222939	0.01867649814282093	0.0	0.07990278742188275	0.08899028976402254	0.0	0.0
25	0.0	0.028763237518910745	0.1952912254160363	1.4840393343419063	6.06927950075643	0.0	0.0	0.0	0.181410741301059	0.0	0.474536686838124	0.036800302571860816	0.0986573373676248	0.0	0.0	0.0	0.0	0.8310608925869896	0.0	0.09609493192133133	0.0	0.03918305597579425	0.0	0.0	0.37042360060514373	0.0	0.08645045385779122	0.03321671709531014	0.0	0.0	0.0	0.0	0.06299167927382754	0.01780446293494705	0.0	0.0	0.0	0.0	0.08680975794251135	0.0	0.0652515128593041	0.036857034795763986	0.16215960665658094	0.0	0.1500945537065053	0.0	0.0	0.0	0.03463502269288957	0.0	0.45684568835098344	0.00869894099848714	0.0	0.10181543116490167	0.0	0.0	0.14149016641452344	0.4124149016641453	0.10407526475037822	0.03632753403933434	0.0	0.0	0.0	0.47682488653555216	0.025245839636913764	0.03229009077155824	0.20719553706505292	0.0	0.0	0.0	0.009077155824508321	0.0	0.0	0.0	0.0	0.0	0.0	0.0	0.03739599092284417	0.0	0.3866017397881997	0.053063540090771556	0.0	0.33517397881996974	0.0	0.40868948562783664	0.23879538577912252	0.597910363086233	0.05197617246596066	0.0	0.2721633888048412	0.030219364599092285	0.0	0.0	0.024905446293494705	0.5811365355521936	0.04756051437216339	0.0	0.006495839636913768	0.0	0.0	0.0	0.057015885022692885	0.0	0.4591149773071105	0.0	0.3018343419062027	0.0	0.0	0.0	0.0	0.0	0.692341149773071	0.030512481089258702	0.0	0.033358547655068085	0.0	0.02184190620272315	5.808982602118003	0.0	0.0	0.06638615733736762	0.0	0.03651664145234493	0.006363464447806355	0.058453101361573376	0.0	0.04235060514372163	0.0	0.0	0.053091906202723145	0.0	0.2611667927382753	0.08658282904689864	0.0	0.0	0.005569213313161876	0.0	0.14778744326777613	0.0	0.0	0.17304273827534042	0.0	0.13985438729198185	0.03072995461422088	0.0	0.0	0.30630673222390314	0.0	0.0
26	0.0	0.0	0.0	0.6528562922232106	20.52948181691207	0.0	0.0	0.0	0.07029911859622297	0.03669697793917653	3.2074643652643107	0.021634456345151543	0.08965471613505546	0.0	0.011541317180390052	0.0	0.01881161188829181	0.4507656230473488	0.0	0.051399292818654296	0.0	0.02392066630891034	0.0	0.006726309057361083	0.11148030257364024	0.017664831327692546	0.06544000352855557	0.0	0.004653282659354716	0.0	0.0	0.0	0.0	0.0	0.0	0.0	0.0	0.0	0.24771195224688128	0.0	0.0	0.0	0.0	0.0	0.0016393081090617717	0.0	0.020450919997353587	0.0	0.0	0.0	0.029272308925040246	0.0	0.0	0.26188498379069786	0.0	0.0	0.0	0.028147581836760197	0.0	0.02212698389361405	0.0	0.0	0.0	0.29252460799952956	0.01326883917872869	0.0	0.0	0.0	0.0	0.0	0.03954187586835547	0.0	0.0	0.0	0.0	0.0	0.23342865334146862	0.09082355016797394	0.0	0.0	0.3759896495703249	0.014937551917549419	0.060323597950497305	0.0	0.0	0.11375181022251954	0.0	1.0161945998397448	0.0	0.009593260458859248	0.06341108407518764	0.0	0.0	0.0	0.1111936074334904	0.20617791271235658	0.0	0.0	0.0	0.005888277109230848	0.0	0.012070600516051255	0.02114927995412878	0.0	0.5874677467967332	0.0020656752405666273	0.06250689171009975	0.0	0.0	0.0	0.0	0.006417560444892049	0.02786088669661038	0.009630016246057941	0.0	0.0	0.0	0.011526614865510574	11.47942043474745	0.0	0.0	0.3071901670918086	0.0	0.0	0.0	0.014974307704748113	0.0	0.006402858130012572	0.0	0.012960090566259658	0.0	0.0	0.2609587379532908	0.01776039637440915	0.004440099093602288	0.0	0.026655296876493203	0.0	0.0	0.01539332367881323	0.0	0.0	0.014283298905412656	0.015305109789536362	0.0	0.006917439150794293	0.0	0.17817735402439114	0.0	0.0
27	0.0	0.0	0.0	1.9779683074332082	6.695659496287224	0.3017530429457246	0.0	0.0	0.12563729618005054	0.02160300084207303	7.588777463063616	0.4038122942662482	0.0	0.0	0.0	0.0	0.0	0.2813289443466279	0.0	0.2692796447982852	0.14295337977493686	0.0	0.0	0.0	0.1637449284237924	0.0	0.0	0.023899563653065913	0.0	0.0	0.0	0.0	0.03535175687055041	0.006767205083059021	0.0	0.0	0.0	0.0	0.0	0.0	0.0	0.0	0.3113832963331547	0.0	0.04576284161371814	0.0	0.0	0.0	0.0	0.0	0.01978106101201868	0.600321518793539	0.0	0.17290055883028402	0.0	0.0	0.5452958738421496	0.0	0.09778764449207686	0.09784888616703669	0.0	0.20153104187399526	0.0	0.3953150118655745	0.0	0.0076705197887162214	0.0	0.0	0.0	0.017071116895047082	0.0	0.020485340274056497	0.0	0.017346704432366227	0.18197963714307586	0.0	0.0	0.0	0.0	0.0	0.0	0.01218709331700222	0.037418663400444	0.09853785501033453	0.0	0.34483656127995105	0.0	2.164893209829289	0.37675878435275206	0.0	0.08650386588073185	0.05678634310648397	0.027451580800734898	0.0	0.0	0.06878971139860675	0.02246038429151037	0.0	0.0	0.069677715685524	0.0	0.0	0.0	0.0	0.7329862971752277	0.0	0.5432136568935161	0.0	0.0	0.0	0.0	0.0	0.029870626961647405	0.0	0.0	0.0	0.0862588991808926	0.0	6.297680471560898	0.0	0.0	0.01598407716451045	0.0	0.0	0.0	0.17738651152109014	0.0	0.0	0.0	0.0	0.12017147668988747	0.0	0.2718211743091174	0.01820408788180357	0.44394090178366385	0.0	0.044997320676720506	0.0	0.11475158845594428	0.0	0.0	0.0	0.0	0.0	0.0	0.0	0.0	0.35100666003215186	0.0	0.0
28	0.0	0.0	0.032686362074888356	2.3463071109584335	2.769391961525249	0.0	0.0	0.0	0.3100824458948815	0.05843352799725181	0.057231192030230166	0.47804878048780486	0.6856406733081416	0.0	0.0	0.0	0.028220542768807966	1.7170903469598078	0.0	0.1391618000687049	0.40453452421848163	0.0	0.04501889385091034	0.06442803160425972	0.846444520783236	0.01494331844726898	0.20922363448986603	0.0	0.0	0.0	0.0	0.0	0.0	0.010906904843696323	0.0	0.0	0.0	0.0	0.5244933012710409	0.0	1.1167296461697012	0.0	0.0	0.0	0.09142906217794572	0.0	0.11841291652353143	0.0	0.06023703194778427	0.0	0.0397114393679148	0.32621092408107183	0.0	0.40431123325317764	0.0	0.0	0.0	0.12483682583304706	0.0	0.022174510477499142	0.14230504981106148	1.0893163861216077	0.0	0.9588457574716592	0.15663002404671933	0.0	0.0	0.0	0.19606664376502922	0.10316042597045688	0.049811061490896605	0.0	0.0	0.045654414290621774	0.0	0.0	0.745774647887324	0.05446581930608038	0.008227413260048094	0.0	0.8511336310546203	0.22347990381312266	0.0	0.2867571281346616	0.013586396427344556	0.9013225695637238	0.0824115424252834	0.584507042253521	1.1497251803503952	0.0	0.7139299209893508	0.1293713500515287	0.02140158021298523	0.0	0.20702507729302647	0.36520096186877365	0.06176571624871178	0.0	0.0	0.0	0.0	0.0	0.10480934386808656	0.0	0.0	0.0	0.2403297835795259	0.0	0.0	0.019787014771556165	0.0	0.0	0.8637409824802473	0.004002061147372037	0.012177945723119202	0.10958433527997252	0.0	0.0	7.466970113363105	0.0	0.0	0.0	0.0	0.0	0.14417725867399517	0.5658536585365853	0.0	0.0	0.0	0.13847475094469255	0.0	0.0	0.3733081415321195	0.07475094469254552	0.0	0.02572998969426314	0.028289247681209207	0.0	0.0	0.0	0.0	0.35254208175884577	0.1734283751288217	0.04474407420130539	0.03306423909309516	0.01039161800068705	0.0	0.10906904843696323	0.0	0.0
29	0.0	0.9765089279652387	0.0	0.582422431936995	6.901860275646683	0.0	0.0	0.0	0.0	0.0	0.0	0.0	0.0	0.0	0.0	0.0	0.0	3.812648516532011	0.0	0.2223165184330233	0.0	0.039513884174078355	0.0	0.0	0.8620748183854979	0.0	0.04056622988661823	0.0	0.0	0.0	0.0	0.0	0.058693733451015	0.11321203068775886	0.0	0.0	0.0	0.0	0.5520062461810035	0.05394120442664132	0.0	0.0	0.020741394527802298	0.0	0.038665218276868765	0.0	0.0	0.0	0.39367913639758295	0.0	0.04382510693190305	0.0	0.0	0.47202797202797203	0.0	0.0	0.0	0.0	0.0	0.13809491479394392	0.0	0.03404847579604861	0.0	0.5368660465747844	0.0	0.0	0.0	0.0	0.0	0.1270622581302193	0.26033675062801276	0.12916694955529906	0.0	0.0	0.27500169733179447	0.0	0.02108086088668613	0.0	0.0	0.0	0.0	0.0	0.0	0.0	0.0	0.0	0.0	0.12638332541245165	0.0	0.0	0.6391472605064838	0.0	0.0	0.07845067553805418	0.0	0.0	0.20527530721705478	0.0	0.0	0.0	0.0	0.0	0.0	0.0	0.0	0.0	0.09148618371919344	0.0	0.0	0.0	0.0	0.0	0.21807318894697536	0.0	0.0	0.0	0.09746079163554891	0.07841672890216579	7.6710910448774525	0.0	0.0	0.038291805282096546	0.0	0.0	0.0	0.17129472469278292	0.03934415099463643	0.0	0.0	0.0	0.0	0.0	0.4920225405662299	0.0	0.0	0.0	0.10835766175572	0.0	2.9404915472876643	0.0	0.0	0.09260642270351009	0.0	0.2906850431122276	0.0	0.0	0.0	0.0	0.0	0.0
30	0.0	0.0	0.0	1.3103656043554046	2.8561038066751308	0.0	0.0	0.0	0.041240773815928215	0.0	0.09655484065331067	0.0	0.218867680919283	0.0	0.0	0.0	0.0	0.24517440984700134	0.0	0.02006627789374018	0.0	0.0	0.0	0.0	0.08545114157216328	0.0	0.0	0.02368143573411375	0.019237804221987904	0.0	0.0	0.0	0.0	0.01574099976329324	0.028953540917991866	0.0	0.0	0.0	0.0	0.022670052290675907	0.027544059736179557	0.0	0.008273977319188311	0.0	0.01042585698607734	0.0	0.0	0.0	0.0	0.004153127757095823	0.011598631404531858	0.01093154870779626	0.0	0.18746099718103762	0.0	0.0	0.02373523272578597	0.0	0.0	0.03116997697488756	0.0	0.0	0.0	0.05696025478255256	0.0	0.09996556992532978	0.0	0.006810699145703773	0.07521895375610596	0.0	0.003486045060360225	0.0	0.0	0.0	0.0	0.0	0.014417593768156486	0.10034214886703535	0.0	0.0	0.0	0.016827698995072197	0.1260463514880248	0.10955219384132038	0.0	0.067170923801941	0.0	0.289470852789912	0.0	0.0	0.03533386413031783	0.004583503690473628	0.0	0.09536054743818727	0.0	0.04368315723784726	0.018258698973553398	0.10844397581287256	0.0	0.0	0.0	0.0	0.0	0.0	0.0	0.0	0.1009231563770954	0.0	0.0	0.0	0.0	0.0	0.03455918745023778	0.0	0.0	0.027554819134513995	0.0	0.0	4.540530653525855	0.0	0.06974242000387337	0.0	0.0	0.0	0.0	0.03314970626842548	0.0	0.0	0.0	0.0	0.0	0.0	0.22880936498031026	0.02684469884444062	0.0	0.0	0.10288136687396439	0.0	0.019270082416991244	0.0	0.0	0.0	0.0	0.0	0.0	0.0	0.039390157302403646	0.023304856792408173	0.0	0.0
31	0.0	0.058025396307474775	0.010339342523860023	0.2835603774097942	0.8221918590423363	0.0	0.026844223291731247	0.0	0.009747940288767435	0.020291214617831798	0.3841123528292139	0.08877831253228922	0.036109524974848414	0.0	0.02128368273649292	0.0	0.0	0.42320607988688574	0.0	0.23274057155287275	0.0	0.6066019523071485	0.010754003861108846	0.0	0.1693653642222041	0.017062294368763085	0.0	0.0	0.008041710851891128	0.0	0.0	0.0	0.0	0.11800853794491123	0.0	0.0	0.0	0.0	0.0	0.6547162628816924	0.0	0.06865704108546103	0.07164124316828452	0.0	0.17739347962041493	0.007926149495608667	0.9885322348206761	0.05148598308725563	0.05974522119803138	0.0	0.09897490279250619	0.0	0.0	0.5037727383962803	0.0	0.0	0.04017456562525492	0.0	0.0	0.02443103026347989	0.0	0.025885743807270847	0.0	0.3363107376893167	0.04420561764146069	0.0	0.010026647089213367	0.0	0.006641379122821328	0.0	0.007083231367430731	0.05268238301112108	0.0	0.06809282975772903	0.12279413764037304	0.0	0.2312450716480409	0.0	0.043043206351795954	0.0	0.04329472224488131	0.0	0.0	0.022554857655599968	0.0	0.06932321831579519	0.086371917230878	0.5251787802158958	0.0	0.0	0.8866071185795471	0.011807651521331267	0.0	0.11019115207874489	0.11521467221361177	0.034233352366968485	0.0	0.0	0.004636049704978655	0.0	0.021181716833890748	0.0	0.022072219049949698	0.0	0.5744011202653833	0.0	0.032846616091578976	0.0	0.0	0.0	0.06435407999564946	0.0	0.0	0.031487070723550045	0.0	0.08541343774641759	0.0	0.12834788046877124	2.588900671615412	0.0	0.0	0.29780841286673737	0.043056801805476254	0.0	0.0	0.023458955325339204	0.0	0.0	0.0	0.06028903934524295	0.0	0.0	0.5188840851619217	0.030990836664219482	0.0	0.0	0.01166489925768823	0.0024539793892922207	0.0	0.13721211626831986	0.0	0.0	0.12135981727710253	0.0	0.0	0.4448432444190662	0.0	0.038359572558936295	0.0	0.0
32	0.0	0.1444967866724902	0.000636426031072565	0.9246459100268297	0.6817713857864852	0.0	0.0	0.0	0.016721781992887003	0.0	0.017361327759406006	0.002080863542771573	0.029606289386660014	0.0	0.011112497660198414	0.0	0.0	0.15558744618456355	0.0	0.04417857365695389	0.0	0.0023366818493791726	0.0	0.006729269357958445	0.02585324764459974	0.0061489985649216955	0.0	0.0	0.0	0.0	0.0	0.0	0.0	0.0	0.0	0.0	0.0	0.0016752979347351344	0.014325825170025583	0.004554813751793847	0.03013352467710738	0.0011449429088413302	0.33622948773943967	0.0	0.004542334810008112	0.0	0.001690896611967305	0.0	0.02992138266674986	0.0	0.004595370312597492	0.012007861733325015	0.0030448617957197226	0.06416671866225744	0.0	0.0028795158170587137	0.021304673363698762	0.04104635926873401	0.0	0.0655612404068135	0.0	0.0027048106320584015	0.0	0.132947526049791	0.0	0.0	0.0	0.0	0.0	0.0	0.0	0.0	0.0	0.019192612466462845	0.0	0.0	0.0011293442316091596	0.013411742684220379	0.0	0.0	0.16534909839645598	0.01857802458351532	0.011483746178324079	0.06119361078180571	0.0	0.11227303924627191	0.003088538091969801	0.2216572034691458	0.0	0.00236475946839708	0.2379297435577463	0.009212578773320023	0.0165751544269046	0.01745491982279903	0.01993510950271417	0.0	0.0065670431147438705	0.0	0.0	0.0	0.0	0.026062269919510828	0.013673800461720845	0.0	0.11654083733699382	0.0	0.06665002807761902	0.0	0.0	0.0	0.0	0.020955262993698136	0.0748268546827229	0.05455169401634742	0.0	0.008307855493854122	0.011184251575466401	0.0	1.8219192612466466	0.0	0.0031602920072377858	0.005955574967242777	0.0	0.0	0.0	0.017576589505209957	0.0010170337555375304	0.0	0.0	0.0	0.17633056716790418	0.0	0.2126567667061833	0.02384413801709615	0.0	0.0	0.06344294003868474	0.0	0.0009546390466088476	0.0	0.0	0.019042865165034006	0.0034254695201846883	0.0037686404192924443	0.0	0.0	0.004245959942596867	0.033568353403631374	0.0	0.0
33	0.0	0.0030108969840069986	0.13412717960913545	0.760669786561802	1.0116486465826957	0.0	0.0	0.0	0.0	0.005902886893892423	2.1498951069739	0.018409363082750832	0.3974766220198915	0.0	0.010128334706426928	0.0	0.04100595384706852	0.6304920204859902	0.0	0.14010226008374455	0.0	0.09393658855604345	0.0	0.0	0.19237890588505083	0.004272161305939408	0.0	0.06607411308062748	0.0376383356406968	0.0	0.003635159123145262	0.0	0.00890104383424354	0.0	0.0	0.0	0.0	0.11264321932409821	0.06112248277970766	0.0	0.0	0.016107661862254652	0.0	0.0	0.0038389998216393885	0.012990597847781959	0.013644586755450617	0.023692234518723616	0.10479959911329295	0.0025182819626461917	0.005507945540560053	0.0	0.0020936138407834275	0.03525170079582806	0.0	0.0	0.015742447277452668	0.0	0.004526962179057067	0.0	0.0	0.031119679970103366	0.0	0.17697194642386976	0.0010744103483127934	0.0	0.03814793738693211	0.0	0.023768674780658913	0.028342350453120883	0.0	0.02103805875708134	0.0	0.035081833547082955	0.01473598382863792	0.0	0.1514621323435735	0.005253144667442393	0.0	0.0	0.012965117760470194	0.03323877389819856	0.0	0.08214780149313312	0.0	0.13769014515156405	0.03331096747891523	0.6237482907108095	0.06274896168644205	0.0	0.1800975038007797	0.03554896848113199	0.0	0.020031595308266592	0.01541545282361834	0.09785627532083677	0.04117582109581362	0.0	0.0	0.017296732603470387	0.10140650081960949	0.0	0.06608685312428338	0.0	0.41851043409575417	0.0076142994249993635	0.0452441417032589	0.012073314704558387	0.0	0.0	0.0	0.0	0.4597329686849728	0.05413244549384656	0.0	0.017199058935441953	0.0	0.0	2.104162596930499	0.0	0.0	0.015806147495732083	0.0	0.02765438809570321	0.04809791148217668	0.022171922642454923	0.0	0.0	0.0	0.013958841165629064	0.0	0.01566600701551737	0.17246621765090578	0.0	0.0	0.0	0.07993103389700948	0.0	0.12720933590399103	0.0035459788175540813	0.0	0.24298660596743646	0.057147589159072185	0.12233839254622515	0.06846924128793348	0.0	0.023611547575569693	0.10743254146884208	0.0	0.0
34	0.0	0.010596837651250834	0.0	4.623060648801128	2.3098322322025093	0.0	0.01694380521119442	0.0	0.6721846930443174	0.06736693638185731	10.236953455571225	0.1294818498997847	0.6363484522307178	0.0	0.0	0.0	0.0	3.0148838245119145	0.0	0.28455571227080395	0.0	0.07536560017816049	0.13018706851755624	0.058161977581471305	0.7716761933041348	0.0	0.2623598841956796	0.0	0.23975577165763493	0.0	0.0	0.0	0.0	0.0310481775666246	0.0	0.18250315492539532	0.0	0.22000965036003267	0.14299235394551257	0.026055972088189442	0.0	0.6529210897483484	0.07154257293445178	0.0	0.004157078167916265	0.0	0.06512137183579542	0.0	0.0	0.0	0.1095872615247569	0.0	0.14076534778412886	0.3655259446217802	0.0	0.0	0.32590379333382824	0.0	0.0	0.04840026724073936	0.022956721846930442	0.0	0.0	1.2538230272437085	0.12242966372206963	0.0	0.0	0.05613911365154777	0.2017853166060426	0.0	0.0	0.0	0.0	0.0	0.076070818795932	0.0	0.3095909732016925	1.6867715834013808	0.0	0.0	0.3353500111350308	0.13222849083215796	0.028858288174597284	0.0	0.0	1.5431296859921315	0.5674968450746047	2.9272140152921087	0.0	0.0	0.2842402197312746	0.027039566476133918	0.09435082770395664	0.0	0.940928661569297	0.14308514586890356	0.0	0.0	0.0	0.0877440427585183	0.0	0.0	0.10548585851087522	0.0	2.2651807586667654	0.0	0.09826664687105635	0.05235320317719546	0.0	0.0	0.0	0.11483928438868682	0.22719174523049518	0.12601143196496178	0.0	0.0	0.0	0.0	7.248867938534629	0.0	0.020432781530695568	0.04719397223665652	0.0	0.0	0.0	0.014772474203845297	0.0	0.0	0.0	0.0	0.10787989013436271	0.0	0.3303763640412739	0.13423279637740332	0.4106413777744785	0.0	0.17190631727414446	0.0	0.0	0.0	0.0	0.01815010021527726	0.10769430628758073	0.20132135698908768	0.0	0.0	0.9846336574864523	0.8184989978472273	0.0	0.0
35	0.0	0.0	0.0	6.311785343035344	3.209459459459459	0.0	0.0	0.0	0.0	0.0	0.048629158004158006	0.0	1.1633965696465696	0.0	0.0	0.0	0.32461668399168403	1.587610446985447	0.0	0.30671777546777546	0.0	0.059543918918918914	0.0	0.0	0.1526767151767152	0.0	0.0656185031185031	0.11132406444906445	0.0	0.0	0.0	0.0	0.0	0.0	0.0	0.0	0.0	0.0	0.0	0.0	0.0	0.33452442827442824	0.0	0.0	0.0	0.0	0.0	0.0	0.0	0.0	0.0	0.0	0.0	0.19529625779625778	0.0	0.0	0.2078027546777547	0.09108627858627857	0.05473622661122662	0.02556522869022869	0.0	0.0	0.0	0.8182172557172558	0.0	0.0	0.0	0.0	0.0	0.040865384615384616	0.0	0.0	0.0	0.0	0.11518970893970894	0.0	0.0	0.02260914760914761	0.0	0.0	0.1305873180873181	0.0	0.0	0.16394880457380456	0.0	2.606418918918919	1.359212577962578	1.3192567567567568	0.0	0.0	2.119802494802495	0.06233757796257797	0.0	0.0	0.0	0.08598622661122661	0.0	0.0	0.0	0.0	0.0	0.0	0.020595114345114345	0.0	0.2707900207900208	0.0	0.3983238045738046	0.0	0.0	0.0	0.0	0.1572245322245322	0.178891632016632	0.0	0.0	0.033556392931392925	0.08212058212058213	0.0	8.341443607068607	0.0	0.0	0.08621361746361747	0.0	0.0	0.0	0.037227130977130984	0.0	0.0	0.0	0.0	0.08845504158004158	0.0	0.7753378378378379	0.124122920997921	0.0	0.0	0.19831730769230768	0.0	0.09394490644490645	0.0	0.0	0.4342515592515593	0.15417099792099792	0.07692307692307693	0.0	0.0	0.0	1.4113500519750521	0.0	0.0
36	0.0	0.09060852898897939	0.0	0.8513655965500718	1.0796518128094554	0.015844114358728636	0.0	0.0	0.18620028749401055	0.0	0.12601820795400095	0.3836607570675611	0.0	0.0	0.0	0.06383964222967578	0.0	1.7782462865356972	0.0	0.15719533620827342	0.0	0.0	0.03510621306500559	0.0	0.344705318639195	0.0	0.0	0.0	0.0	0.05441622743970612	0.0	0.0	0.0	0.0	0.0	0.0	0.0	0.0	0.5534898578501837	0.0	0.0053825267529148705	0.0	0.8622743970611724	0.0	0.0	0.0	0.0	0.0	0.0	0.0	0.0	0.0	0.0	0.072336687430123	0.0	0.0	0.0	0.0	0.0	0.06329659798754193	0.0	0.0	0.0	0.17070755470372145	0.0	0.0	0.04299632646542086	0.02539530426449449	0.12734387478038653	0.010972688068998563	0.0	0.0	0.0	0.0	0.0	0.0	0.14622264813927485	0.0	0.0	0.0	0.0	0.0657243251876697	0.0	0.33039450567002077	0.0	0.30092636958952246	0.0	0.14523239099185434	0.009519246126816802	0.0	0.4171378374061651	0.0	0.0	0.0	0.14928925091838363	0.22141830378533783	0.17648937869349943	0.0	0.012857371026992494	0.0	0.0	0.0	0.01400734706915828	0.0	0.27262418144066447	0.0	0.042964382686471805	0.0	0.0	0.0	0.0	0.02911675451205878	0.16152371825586967	0.0	0.0	0.0	0.0	0.0	3.028813288612043	0.0	0.0066602779108768575	0.0	0.0	0.0	0.0	0.0	0.0	0.02354256508544961	0.0	0.0	0.03133684714901773	0.0	0.009343555342597029	0.0	0.0	0.0	0.127966778469893	0.0	0.0	0.0	0.0	0.0	0.2450567002076346	0.6570675610924773	0.0	0.0	0.05178086567640952	0.027599425011978918	0.0	0.0
37	0.0	0.0	0.07309804546949597	1.2109417826992652	0.3065453349413441	0.0	0.0	0.0	0.0	0.0	0.4012817573830621	0.054569375367533465	0.16452542085696345	0.0	0.0	0.0032392779898535846	0.0	0.20634699145827312	0.004275846946606732	0.11613559119315066	0.0	0.0	0.0	0.0	0.11501928616280113	0.08478934726056753	0.01724292591522062	0.027558780436754342	0.2480987929951859	0.0	0.0	0.0	0.06604140295621493	0.0	0.0	0.0	0.0	0.0	0.17953573671148498	0.23405527703302073	0.011133149275896781	0.0	0.10915868475346603	0.0	0.0	0.0	0.0	0.0	0.005740997298940507	0.0	0.015558501360496755	0.054011222852358695	0.0	0.07530075450259639	0.0	0.0	0.07011790971883067	0.0	0.0	0.08751034077204453	0.020242995684285017	0.0	0.0	0.07673600382733153	0.0	0.0	0.03436624772004664	0.0	0.08665317798088328	0.0	0.0	0.031246573840587658	0.0	0.0	0.0	0.0	0.15773788759207025	0.03267185615612323	0.0	0.0	0.0	0.0	0.0	0.0547188805055267	0.0	0.14126242138521497	0.12188655550129074	0.2704547946297755	0.0	0.0	0.06005123042728569	0.014342526238151718	0.0	0.0176216722648035	0.008770968095603553	0.04763233696464702	0.0	0.0	0.0	0.0	0.0	0.0	0.0	0.0	0.4601967487615991	0.002681125474678813	0.1922038054041124	0.0	0.0	0.0	0.0	0.007923772313641846	0.0	0.0	0.0	0.0064685889705076195	0.05354277341997986	0.0	1.4499008282584647	0.0	0.0	0.0	0.0	0.0	0.0	0.0	0.0	0.0	0.0	0.0	0.0	0.0	0.0	0.0	0.026881023811184977	0.0	0.05924390268212217	0.0	0.0	0.0	0.0	0.0	0.0030299707966630453	0.0	0.0	0.0	0.0	0.09859365500194357	0.0	0.0
38	0.0	0.02592421013619939	0.0	0.3645881589919392	1.1863059390345594	0.0	0.0	0.0	0.02864819790605022	0.0	0.0	0.03696840544797554	0.033614379690540167	0.0	0.0	0.0	0.0	0.85249698878903	0.0	0.02749930510516075	0.0	0.0	0.0	0.0	0.0	0.0	0.04350968220142685	0.0	0.0	0.0	0.0	0.0	0.0	0.07942184749374595	0.0	0.0	0.0	0.0	0.05512832391364774	0.0	0.07162049476512554	0.0	0.0	0.0	0.004169369035485963	0.0	0.0	0.0	0.0	0.0	0.014527934772537755	0.2937830075048643	0.0	0.09971277679977765	0.0	0.0	0.0	0.0	0.1338274807745761	0.04575187621606597	0.0	0.0	0.0	0.2288520337255629	0.0	0.0	0.6178634300009266	0.0	0.0	0.0	0.0	0.0	0.0	0.08607430742147688	0.0	0.0	0.0	0.029315296951727975	0.0	0.0	0.0	0.04373204854998611	0.06092837950523488	0.30497544704901325	0.0	0.4631520429908274	0.0	0.058297044380617065	0.013842305197813397	0.0	0.031057166682108776	0.025220050032428422	0.0	0.0	0.10984897618827016	0.07404799407023072	0.0	0.0	0.0	0.0	0.0	0.0	0.0	0.0	0.0	0.0	0.0	0.0	0.0	0.0	0.0	0.0	0.6042990827388123	0.0	0.0	0.0	0.0	0.0	2.7038821458352635	0.0	0.0	0.0	0.0	0.32372834244417675	0.0	0.0489205966830353	0.0	0.0	0.0	0.0	0.11766885944593719	0.0	0.0	0.0	0.0	0.0	0.1662003150189938	0.0	0.0	0.0	0.0	0.0	0.0	0.022292226443064948	0.0	0.0	0.0	0.009506161400907995	0.0	0.0
39	0.0	0.1506504406210659	0.0	2.068581020322523	1.8934316487820475	0.0	0.0	0.0	0.0	0.03109325979657495	0.026657074915572607	0.0	0.0	0.0	0.0	0.3180464800271766	0.0	0.6554962732050437	0.0	0.021261714925164363	0.0	0.14779289810762744	0.0	0.0	0.13987970345502868	0.0	0.0	0.0	0.0	0.0	0.0	0.0	0.011250324720740163	0.0	0.0	0.0	0.0	0.04362248466318965	0.0	0.0	0.0	0.022800391663169675	0.13578322642527427	0.0	0.0	0.0	0.0	0.0	0.0	0.0	0.0	0.0	0.0	0.08704514117858643	0.0	0.0	0.0	0.0	0.09184101672561597	0.0	0.0	0.01488719701057091	0.0	0.1221549467457986	0.2208101033111524	0.0	0.0	0.0	0.0	0.0	0.016365925304238353	0.0	0.0	0.0	0.034550286753392084	0.0	0.0	0.014347661011530084	0.0	0.0	0.0	0.05295445916511799	0.0	0.6242031852606758	0.0	0.28031892572387745	0.0	0.15916311971704333	0.08318845792618347	0.0	0.08574625821793257	0.05537237975341207	0.0	0.028955098615190935	0.21695342005874949	0.09677677197610055	0.0	0.0	0.0	0.0	0.0	0.0	0.0	0.0	0.03211238335031873	0.0	0.0439422096996583	0.0	0.0	0.0	0.0	0.0	0.0052155146573946405	0.0	0.0	0.0	0.19423295965469697	0.0	3.737945366984394	0.0	0.0	0.0	0.0	0.0	0.0	0.0	0.0	0.0	0.0	0.0	0.0	0.0	0.22818376196471032	0.03524968527066723	0.0	0.005035669324381032	0.07403632875726875	0.0	0.74563875067442	0.0	0.0	0.057070919009651694	0.06808144995304038	0.1063085746258218	0.0	0.0	0.0	0.0	0.0	0.0
40	0.0	0.0	0.22487716228040655	1.4949855287070068	3.3536716699199034	0.0	0.0	0.0	0.26802180790199903	0.0	0.0	0.0	0.03816382849835095	0.0	0.0	0.0	0.0	2.1681362320791546	0.0	0.05852460119808845	0.0	0.0	0.0	0.07666419869421821	1.4900383657535168	0.07797671131453188	0.0	0.0	0.0	0.0	0.0	0.0	0.0578515178030558	0.0	0.0	0.0	0.0	0.0	0.6866796796123039	0.0	0.0	0.0	0.0	0.0	0.0	0.0	0.0	0.0	0.0	0.0	0.033755132260887125	0.0	0.0	0.4165040048462004	0.0	0.0	0.0	0.0	0.24288214309752978	0.2922528101231743	0.0	0.07154876489197012	0.0	0.25593996096116306	0.0	0.0	0.0	0.15827556034192636	0.0	0.0	0.15817459783267146	0.07706804873123779	0.0	0.0	0.0	0.0	1.6280541159049606	0.1991317224204079	0.0	0.0	0.42431177222857913	0.0	0.0	0.15450629332974355	0.0	0.7793969172780507	0.10160193848017769	0.3308204886585448	0.0	0.11651073568015077	2.6408090462408293	0.0	0.0	0.0	0.0	0.0	0.0	0.0	0.0	0.19176145924480043	0.0	0.0	0.20932893585515247	0.0	0.9676919970384331	0.0	0.895032644544659	0.0	0.0	0.0	0.0	0.12226559870767988	0.2835363801575015	0.0	0.0	0.0	0.46991317224204077	0.0	7.328565659285186	0.0	0.0	0.0	0.0	0.0	0.0	0.12993874941105202	0.0	0.0	0.0	0.0	0.0	0.0	0.0	0.0	0.0	0.0	0.45571111260685204	0.0	0.0	0.0	0.0	0.0	0.0	0.0	0.0	0.0	0.0	0.10069327589688362	0.0	0.0
