period	0	1	2	3	4	5	6	7	8	9	10	11	12	13	14	15	16	17	18	19	20	21	22	23	24	25	26	27	28	29	30	31	32	33	34	35	36	37	38	39	40	41	42	43	44	45	46	47	48	49	50	51	52	53	54	55	56	57	58	59	60	61	62	63	64	65	66	67	68	69	70	71	72	73	74	75	76	77	78	79	80	81	82	83	84	85	86	87	88	89	90	91	92	93	94	95	96	97	98	99	100	101	102	103	104	105	106	107	108	109	110	111	112	113	114	115	116	117	118	119	120	121	122	123	124	125	126	127	128	129	130	131	132	133	134	135	136	137	138	139	140	141	142	143	144	145	146	147	148	149
3	3.86296137307829	0.852749867217683	0.503415961525869	0.18193360156574	0.169051897877666	0.529524966713474	0.733689602235108	0.162500090946792	0.535963999621661	0.056281513063597	0.078879972061145	0.181562538652387	0.306286969871147	0.648599783182847	0.349981446854332	0.192588927773695	0.938803722270323	0.335477252388263	1.41629257219356	0.016894276172668	2.31157279745058	0.397277416820064	0.239004532788138	0.264793405266183	0.059020830453352	0.074994725086036	0.19072997533523	0.102817167844125	0.252799342272797	13.9904542246604	0.492513260042345	2.30312202149255	0.166039740110446	0.220247666305305	1.97188288963425	0.9025377792976	1.06741703833589	0.40752893926937	0.176618671012711	0.093606076700887	0.173180882256645	0.928486718130425	0.189285740270512	0.158749445224566	0.190948247637202	0.101751271436159	0.130279461303959	0.138210021608958	0.249896320656563	0.175207176793289	0.027509585791928	0.182206441943206	0.019164308113182	0.143997875482927	0.693665737796759	0.984200723208894	0.092612937726912	0.538266772407471	1.90131545440655	0.253516002997606	0.396076919159215	1.47442939982393	0.803744097553168	0.042606753345023	0.03343931666218	1.33640854754335	0.479576988278777	0.513136354707042	0.041428082914372	0.644976462970104	0.10554920949048	0.267409035018153	0.304126074081619	0.031849566729481	0.085708257241184	0.08431495238026	0.24136187364944	0.278726453875425	0.124633484426271	0.096661888928501	0.528044352931761	0.243613716231456	0.496202061945679	0.13169823126678	1.79048405520834	0.48288745152536	0.387691624891773	0.119642324454501	0.406510335193498	0.195331883035149	0.820558340548446	0.244988831733882	0.913196743377254	0.011561156261141	1.07627889379597	1.09725849988723	0.625710294449335	1.77302227105054	0.237229251398762	0.369636867646952	0.593860727719855	1.91938840100987	0.060770646740831	1.78738822639203	0.100092401941168	1.25232641895186	0.342407397975888	0.615396928181137	0.118911112242893	3.29706132724111	0.414881077974142	0.919315643575882	0.166447181740794	0.332450543134245	0.767820114520201	0.56505969747459	0.464334305857701	2.37616684734763	0.401966633440772	4.17278435424139	0.261482942019601	0.027957044010972	0.13106524159106	0.990152281309343	0.171620235297542	0.260366115407842	0.437421331024498	0.34913018487664	1.00066936839272	0.042875955850789	0.86830540660492	0.277882467641131	0.328554382544036	0.126830758932794	0.084267660048165	0.543814526749271	0.1846256266234	0.991309124509797	0.550198991581965	0.868865638846649	1.14140407296116	0.698878807942201	0.121486725406168	0.386432921283732	0.249026869320373	0.055419337470806	0.164137133211586	0.164399059973953	0.829944049533261	0.428359392620941
4	2.37639589935293	0.47069797339608	0.247686151539877	0.132374428357274	0.437173855291372	0.484144623237633	0.300264236513027	0.281519810622592	0.428637165790622	0.05427047951574	0.059826799370007	0.453398072069679	0.362372862862673	0.4608543330993	0.422698960132071	0.784474088692385	2.34109399609101	0.459300698305471	0.792446251352018	0.029555826486271	1.20861520142697	0.504709529592592	0.247300707793317	0.398943765536348	0.194907635818517	0.050720839105106	0.52178409457485	0.206310840812919	0.136304768591434	9.57674481489212	0.251767111330386	1.24380087857455	0.21284559479307	0.055063900643276	1.81950796030285	2.08754198371886	1.87587050987685	0.609507533349779	0.143729008140572	0.228034450369077	0.182237803373878	0.649897294066301	0.703968528814588	0.475386155335016	0.306280716901649	0.201294142203837	0.224155107307539	0.172793838592763	0.141942921118048	0.168016708096928	0.057091927740564	0.301390918233743	0.092111567581928	0.236535560447067	0.397741181047079	0.887820452000987	0.208191806296135	1.48588564299133	2.38696417389324	0.22053075010911	0.194974050741001	0.43764943357559	0.810162431924704	0.151308611169092	0.057574621909334	1.01207684206531	0.718054422285053	0.729567923490009	0.066972333440862	1.15005621548796	0.141059365452855	0.265025190231314	0.386811182375377	0.043320319171142	0.153145695364238	0.06499174557392	0.521403394751324	0.436764691929638	0.267488472267026	0.070841002675573	0.369225459686142	0.788447124233856	0.243001527543217	0.162622867606596	1.60865837112659	0.976071652213514	0.781230431317482	0.171648181179909	0.387816894058711	0.576218239435283	0.393222594356629	0.486777500521832	1.86346277917987	0.023750450672688	0.980580751057895	0.639203305565571	0.654645961023928	2.12655244881307	0.224202546537885	0.345882986394429	0.203077857264844	1.36315323820186	0.108944192489421	1.00586941877455	0.296408613066662	1.343629622953	0.331461460369267	0.717861107421393	0.145288572838194	4.2776191199074	0.389954031385795	1.3003021878973	0.311501404201218	0.866382663807662	0.667232774815461	0.650436915311486	0.504303924173134	1.59300698305471	0.713865538245508	3.45128702631929	0.167713097022714	0.031175876202585	0.228429381961707	0.665607981176113	0.132740896411697	0.277864617924439	0.471793819617071	0.070459116871288	0.686748088199017	0.102072619973814	1.77165956659519	0.17524407484013	0.92089271143665	0.192643598550257	0.101583995901251	0.503155894798763	0.230349484809958	1.01208632991138	0.636761371183514	0.645817520256551	0.814016869390311	1.33533250156549	0.17449809294294	0.399338697128978	0.314244577695971	0.150302899485759	0.279468063910131	0.230976868631283	0.922298098635648	0.063576870528853
5	2.26391653905054	0.806584992343032	0.407776927003573	0.203390760592139	0.364363195507912	0.570635528330781	0.424606942317509	0.25753190403267	0.388999489535477	0.046632210311383	0.108422664624809	0.376671771311894	1.25600306278714	0.402636549259826	0.266724093925472	0.541405053598775	1.20241066870852	0.384221541602859	0.947538284839204	0.049374680959673	1.79312531904033	0.326430576824911	0.611576059213885	0.536897651863195	0.230173557937723	0.0229887697805	0.269150076569678	0.179716692189893	0.092081419091373	9.58834226646248	0.398491577335375	1.41264165390505	0.153152118427769	0.11740045941807	1.44395865237366	1.84987493619193	2.41764803471159	0.441236600306279	0.20163348647269	0.322124808575804	0.336453547728433	0.374247064828994	0.326659009698826	0.268497958141909	0.264239407861154	0.159905564063298	0.461254466564574	0.202936447166922	0.112537008677897	0.180022970903522	0.052350689127106	0.319559724349158	0.09680066360388	0.236694742215416	0.34152628892292	0.671129402756508	0.272688871873405	1.64370724859622	2.31524629913221	0.189118172537009	0.194388718734048	0.606063042368555	0.730085502807555	0.146508422664625	0.162017611026034	0.609192189892802	0.382094180704441	0.91226135783563	0.059012251148545	0.982427258805513	0.145441551812149	0.294349157733538	0.218571975497703	0.080195252679939	0.261310617662072	0.084997447677387	0.459854517611026	0.715507912200102	0.289025012761613	0.203722562531904	0.416888718734048	0.655200357325166	0.256978050025523	0.557796069423175	0.553552833078101	0.625442827973456	1.28707248596223	0.11190786115365	0.603002807554875	0.361218734047984	0.288274629913221	0.578015569167943	2.35256508422665	0.023666411434405	0.836671771311894	0.640630423685554	0.546452271567126	2.02332184788157	0.297889229198571	0.31239663093415	0.207316232771822	1.51542496171516	0.104396375701889	0.48895865237366	0.247083971413987	1.56836140888208	0.86177258805513	0.665357325165901	0.185399438489025	4.36757656967841	0.401341245533435	1.19938489025013	0.335860132720776	0.681599030117407	0.601442062276672	0.897465543644717	0.465440275650842	1.56686957631445	0.986207248596223	3.33743874425727	0.290317764165391	0.03493236345074	0.184600561510975	0.844820061255743	0.171046452271567	0.470200357325166	0.473744257274119	0.202602092904543	0.599079887697805	0.055632976008168	0.927381316998469	0.410297345584482	0.564636294027565	0.153944614599285	0.121410158244002	0.549901735579377	0.306919346605411	0.929802194997448	0.579715416028586	0.717667177131189	0.798771056661562	1.2921248085758	0.083111281265952	0.446784073506891	0.673753190403267	0.13704696273609	0.372198825931598	0.409358090862685	1.01379019908116	0.045094435936702
6	1.17791283358736	0.794574022160264	0.352469012813663	0.144668630320043	0.363437467877008	0.587075675106315	0.299584891628923	0.177343027232683	0.417702322500244	0.048042670754721	0.109605869132359	0.484105702251433	0.994150918733431	0.39709919072269	0.358630281971657	0.409235177737704	1.9885188461231	0.412093092906355	1.10449537873087	0.038948612096393	1.19681923686558	0.528195262104578	0.268484124738098	0.339402807406721	0.101595584698732	0.023396325066277	0.488272014639835	0.279672126570616	0.148785449506147	10.3075101492791	0.253181841832416	1.7036245521817	0.143596277603565	0.064701575025984	2.04868481332814	2.18197254523234	1.78218168573847	0.592986940139876	0.218102582910632	0.269767140828465	0.211226834960475	0.725636336640071	0.706453279051558	0.246594169700769	0.304418727720127	0.209356245724866	0.097556177957251	0.276180952223831	0.558680536607837	0.119664410707283	0.054052922192879	0.307937821309235	0.060041599671061	0.218747263596988	0.3015062431233	0.676102524534034	0.210371490900231	1.5510623906232	2.49734069216878	0.20174444502257	0.657210080876969	0.273573041179613	0.574678262458645	0.122967764696626	0.042599687558297	0.943218606398329	0.769223350131411	0.691565977611306	0.04844369259899	0.909240888491815	0.139579713878528	0.360689960621178	0.103778361825766	0.048871364629112	0.227758833584818	0.043174570138848	0.45964971503337	0.474712146266372	0.300871714888697	0.088094092922853	0.442032673127856	0.465026707293394	0.632609421221416	0.253020671660827	1.02132268679559	0.761546827549186	1.03795367182454	0.098721171795981	0.704361873990307	0.299087421492994	0.391812301471979	0.565338006845291	2.13415069030327	0.026588002086329	1.01508273613651	0.620979787737615	0.552081442967968	1.69008625776821	0.182780934203229	0.355952572821633	0.24446723105838	1.26599169783258	0.072459317222239	1.03121117480365	0.576556466033069	1.43597039037446	0.816823120178378	0.795193321717236	0.197817984306848	4.78612083701889	0.406382338794929	1.11458437766105	0.281134079623141	0.565812633964774	0.569830466746279	0.839498621170146	0.352829424850918	1.31732757012489	0.84526013754034	3.12419621135882	0.243067461772847	0.031789864553603	0.297051854916388	1.22657480389905	0.150289281422155	0.59250089151217	0.411204753377911	0.121680941436851	0.763098883611024	0.100112057686231	1.10180244090321	0.251186885062825	0.513445018763	0.192050122654308	0.084194282392984	0.549450688907304	0.279127701345327	0.711463513991982	0.804599568266989	0.598710384815993	0.797230157350312	1.20261247964751	0.130962820452622	0.402170340373636	0.289151978395583	0.222257473790811	0.251443234469604	0.290621545786923	0.850363013603016	0.138285276279939
7	1.15607569592456	1.15573855196021	0.463380481818769	0.205359426467739	0.285899373506426	0.620093005231544	0.523158302654524	0.353776399922496	0.39727959697733	0.045568688238714	0.130708519020862	0.352690047148485	0.628639152619002	0.388579732609959	0.250530258993735	0.479912161725764	1.13742039656397	0.397860879674482	0.609573080152425	0.040670412710715	1.33472195310986	0.424806562035781	0.19573596848156	0.313727313828069	0.22177614157463	0.052321901440289	0.25116191952464	0.221931150293871	0.123724084479752	9.71997287347413	0.403361105728864	1.68209390944907	0.282728153458632	0.154560485693987	1.82255506038881	2.21205580313893	2.31142155912937	0.827187237615449	0.297850545759866	0.163787379706775	0.345027449460699	0.486370858360783	0.567709100303559	0.398935606794549	0.290345540269973	0.132816637602532	0.324988697280889	0.278433120196344	0.457199509139056	0.154923464444875	0.046290770522509	0.264500419815281	0.110371375056514	0.214909255312278	0.164240780210554	0.899979332170768	0.290766647290577	1.62421107020603	1.70896208745075	0.20797132338694	0.357313182199832	0.784212361945359	0.57297681327908	0.113064651553317	0.11049796551056	0.697450106568495	0.661007556675063	0.955883226764839	0.044948653361752	0.959944455208939	0.061907898985985	0.31019182329006	0.115017761415746	0.055112058386618	0.163269392236647	0.084063811922754	0.363496738358199	0.467547632887683	0.228489310857069	0.073613640767293	0.758705677194342	0.874322805657818	0.195487954530776	0.181627591552025	1.15260091713492	0.824844022476264	0.796482593812569	0.126481947942905	0.534213007815023	0.402256668604276	0.414470063941097	0.504391913711813	2.02278757346767	0.028498353032358	0.522827617386811	0.454645740489569	0.526210682684234	2.13429180391397	0.17435639088032	0.323092423948847	0.35351159336046	1.47131563650455	0.091211005619066	0.599638312988439	0.360762126202932	1.33256733191242	0.659135826390235	0.522008654653491	0.322055157269263	5.05163727959698	0.35826261060518	1.47910094942841	0.292733966285604	0.698528708906543	0.593108570690435	0.681794225925208	0.349611832332235	1.81423238390493	0.981637925466641	3.8985506684751	0.251391849124847	0.027629012465285	0.231307886068591	2.08069883097591	0.188564231738035	0.364030226700252	0.309128721823936	0.091345346509075	0.70804495252858	0.076186785506685	1.30608280049086	0.161597881547504	0.57377898340115	0.14	0.082840534780081	0.752085513143448	0.250769230769231	0.972568623651747	0.520528321384744	0.667466253310082	0.815610669766841	1.00992960020668	0.119097074210424	0.411749660918427	0.599162952916102	0.046312730091068	0.224661887231157	0.384819479429051	0.89295097849254	0.093378544209779
8	1.18902943339202	0.593011002948062	0.237690662672954	0.159834854587035	0.288717087288256	0.599156732981185	1.23884829963638	0.343896433317817	0.433212577496239	0.036480405847551	0.065124499942658	0.457691607132015	0.610853183838956	0.351682823662747	0.282731915295514	0.288166602578373	1.65780224376488	0.330869644411163	0.594539677399769	0.013861960562088	1.08981535825356	0.415166663293599	0.265106959988666	0.491995709457408	0.201275019732448	0.070772365127873	0.471542773876262	0.221865576491065	0.216134059217583	9.65281145224073	0.435607455829673	1.26987243056539	0.26021466205231	0.091483003109969	2.18828196150655	1.62491752848556	2.12194180782957	0.764125397178766	0.294263760431213	0.162419973959914	0.204815391984241	0.558768965075253	0.718907395789062	0.299587811081203	0.252397239481087	0.144588586886861	0.190639061477539	0.136951960764472	0.239222035579122	0.147126483306686	0.018371077965096	0.27786795113099	0.119324307003164	0.182698859228377	0.0650233079004	1.08451829214817	0.180569778659273	1.39031254848785	2.20064358138876	0.286745866305074	0.262233105988545	0.332793642441292	0.49059386236533	0.12213069964178	0.08007663610667	0.779472856921198	0.814552764903901	0.53627329946773	0.047662801130653	0.781209312366342	0.125994886428798	0.360126287668738	0.120399641105557	0.114739632875271	0.493321999824601	0.040969284842107	0.546422186692572	1.13817975754387	0.170364223890767	0.101417363205224	0.481487927789359	0.531743943656271	0.202138525159715	0.245377210202856	1.06371185903274	0.588983559666201	1.35166123602707	0.098266917622932	0.531269015671274	0.364132143314916	0.429745063514872	0.429137911261325	2.11423097420952	0.026798351244325	0.652895104328996	0.453786943528094	0.519874791713046	1.80719138113645	0.232602726788232	0.419095612987661	0.3565211525099	1.74718584930481	0.064383774193331	0.35132527844677	0.267945734080805	1.46101880148145	0.677943507855876	0.703886449036315	0.385808827993767	5.85188588236088	0.368082680644661	1.27577934737879	0.307341819972611	0.642207875439342	0.602568928646118	0.837945666619444	0.343996276132845	1.30971511067036	0.991420264043769	3.59502135152092	0.30590624219978	0.036917555470105	0.175480493547321	2.43592317500152	0.131322984760478	0.266220072453502	0.235034034256879	0.091269825207612	0.840416101677764	0.083436211909629	1.50524781931149	0.184369202539246	0.45995965810582	0.182407426146675	0.096905547347757	0.58663455505859	0.260518238179083	0.7475663313837	0.560814393556091	0.660932450938725	1.34491375064932	1.05713437628598	0.09682189525949	0.313161037016049	0.357458865434822	0.366115507343169	0.253268840271734	0.288853359238496	0.883874710759413	0.106607840359434
9	1.0241788851174	0.938967701298247	0.303481821044896	0.201244357350317	0.654678937607166	0.547791580641775	0.51567204395143	0.062987717395108	0.449134618749344	0.041667074920391	0.090703712776009	0.308217097665955	0.687729292787907	0.382479616474787	0.360240753053155	0.500361829443259	1.66458480596284	0.345216082863841	0.584276866011128	0.048104419638171	1.60314238723449	0.595464884347552	0.381694369597928	0.444581306645204	0.177492388984148	0.026484235574063	0.281552297302026	0.303318052979669	0.123594499072681	10.068771389579	0.464199881023201	1.63216432795605	0.200683066801974	0.079949609826084	2.96567589320083	2.33270952164328	2.5398369317983	1.05007803478322	0.331662525807467	0.144608601322742	0.276791825594009	0.63737831122931	0.258648563530112	0.265428841375932	0.210919270742205	0.092726318367918	0.523853448577528	0.179102075095356	0.215525772474367	0.169345977534381	0.013129439759247	0.256586765580712	0.135508975749729	0.243257164852854	0.056232634636246	1.28842915631452	0.224817160653673	1.55706197291528	2.21402946425447	0.144272666829968	0.171367183399237	0.527929453756517	0.574259019491199	0.112456870910173	0.053672533855898	0.444252370787696	0.645128599923015	0.569253595548868	0.041969415963887	0.988459250446163	0.119083178780138	0.261509605626903	0.055851908877769	0.066072715820415	0.144784966931448	0.091858487594919	0.274055359204955	0.714870000349932	0.350249501347237	0.049143017111663	0.426943346047521	0.404092801903629	0.259345627602617	0.169987052524758	1.22049340378626	0.969624523217973	0.799020191062743	0.135098855723134	0.78162998215348	0.50403891241208	0.269146516429296	0.656667949749799	1.99688980648774	0.034084753473073	0.485825663995521	0.952787206494734	0.482294152640235	1.68860132274207	0.197381110683417	0.529971655527172	0.334811911677223	1.29708786786577	0.098042481716065	0.345463834552262	0.109507646009028	1.35992861392029	0.693400986807573	0.549059733351996	0.329750498652763	5.19511775203835	0.336912901984113	1.38369038037583	0.28918500892326	0.616109458655562	0.614515169541939	1.05517024180285	0.331323791860587	1.81849179410015	0.841870035343108	3.32204360149771	0.324393743220072	0.021674773419183	0.296560170766701	1.42387234489275	0.130047240788046	0.456155649648319	0.816089862476817	0.088868670609231	0.740917521083389	0.082021205864856	1.08494103649788	0.166322567099416	0.548235294117647	0.261112083143787	0.097265633201526	0.521940021695769	0.294082653882493	0.80188403261364	0.487407355565665	0.648738495993281	0.590756202540505	1.26146061518004	0.103168282184974	0.384335654547363	0.196940196661651	0.108021135878504	0.202054799314134	0.45248836476887	0.718302131084439	0.107387059523393
10	1.18702895884795	0.526441372786041	0.351349398223577	0.150900036789825	0.586352288852683	0.282532716665791	0.360732117517212	0.06946970095128	0.36226940663268	0.043786461344405	0.055196562779209	0.233101645030746	1.11944867819415	0.37043543385715	0.382526147054186	0.406778525253587	2.2634269721974	0.282598412781836	0.668185998843748	0.074226099752983	1.12248383875545	0.786473169706207	0.300643821937247	0.422353760445682	0.225064382193725	0.040986492878541	0.43522494350134	0.290123245913701	0.147770273821412	9.85832895359227	0.22237872496978	1.78047774215588	0.243929678877385	0.094381668155779	1.91274110474589	1.45095784937195	2.18920481421138	0.616718347611289	0.24706206969044	0.192848320807274	0.279631576181216	0.277252062858044	0.479492300415199	0.322017396331529	0.168372575813318	0.159570610185526	0.686688652966837	0.158713932832291	0.238660850370526	0.139447889840753	0.011163084038472	0.203203342618384	0.061956693120303	0.190429389814474	0.111541493666894	1.12935302464918	0.209184317023178	1.55229805013928	2.03921795343459	0.168760182897987	0.443456666841856	0.430607820465654	0.618134755873233	0.08980396278972	0.042216324170915	0.551026173332633	0.815749986860777	0.525411257686445	0.042960004204552	0.797138277185053	0.134767698533663	0.283729699900142	0.047288064329637	0.062834393230672	0.20089346717822	0.035135596783518	0.384699374572975	0.819126767225522	0.278803805119041	0.130915278288748	0.544788984075262	0.37893125558417	0.243510537657014	0.162152467546119	1.2140865612025	0.371393283229095	1.25213249592684	0.062554527776318	1.00113391496295	0.383327639669943	0.358250118253009	0.468066431912545	2.3242839123351	0.033428811688653	0.726015661954065	0.340723708414359	0.382612865927366	1.91747253902349	0.186424554580333	0.761900194460504	0.336499448152625	1.30160561307616	0.060490355810165	0.907652283596994	0.409349871235612	1.60859436590109	1.09370762600515	0.900127450465128	0.250671414305986	4.33644294949283	0.305128238818521	1.30625952593683	0.220147684868871	0.72703000998581	0.689309927997057	0.807915068061176	0.198437746360435	1.81999395595732	0.854773479791875	5.05962448100068	0.333914962947391	0.02641115257266	0.244375098544174	1.05491538340253	0.168605140064119	0.345942607873022	1.61754480475114	0.071364376938035	0.741876018289799	0.074241866820834	1.18273637462553	0.132545855889	0.503764387449414	0.136657118831135	0.083204130971777	0.464366426656856	0.303504230829873	0.963475587323278	0.436446891259789	0.627589740894518	1.06298812214222	1.09357754769538	0.064382193724707	0.411011982971567	0.19120066221685	0.113354706469754	0.264390077258632	0.126918326588532	0.864507016345194	0.36213932832291
11	1.53496712817834	0.748225792406827	0.373568660745385	0.124171401515152	0.400742337164751	0.336687184343434	1.0089445097527	0.09518542102055	0.547397466039707	0.037293734761407	0.072703054249391	0.328926386711947	0.995201203848833	0.475150208986416	0.463257303639847	0.587868175287356	1.79245988984674	0.402830840734936	0.489390129745733	0.018407403779171	1.46278517938001	0.72419099399164	0.474988298937652	0.524545019157088	0.146010209857193	0.0251491205155	0.354302725531174	0.363905760188088	0.265097091605712	9.37518367946708	0.474380115813305	1.31486198188784	0.189939535440613	0.09212681774643	2.2947919387844	1.98756013801811	1.591292776907	0.691293321142459	0.273504168843608	0.364289446185998	0.252670835510275	0.770031946621387	0.428695630877743	0.22524000783699	0.173858738244514	0.197881291361895	0.153932917537443	0.141151547805643	0.177384023423894	0.167451726314873	0.010964983890631	0.234047098136538	0.130987950626959	0.221015380094044	0.045694009056078	0.978335347004528	0.324620123650296	1.31554091562173	2.60958997300592	0.120482845698363	0.36661333159178	0.613028180512017	0.466484619905956	0.117579349529781	0.037242032392895	0.639921575670498	0.828979449669105	0.686230570794148	0.038154987373737	0.739888105189829	0.147384404388715	0.280737058080808	0.055529704371299	0.059098528387322	0.358019853709509	0.093311890456287	0.42377166057123	0.280221394984326	0.434280847265761	0.122575431034483	0.32289081548241	0.311286354928596	0.144883642459073	0.292462611024034	1.79877166057123	0.791768710815047	0.834522487809126	0.092824799721352	0.606414359108325	0.500717030215953	0.288967258794845	0.512566396725879	2.07244590299547	0.0175298241031	0.291778234935562	0.505098125653083	0.441436182950192	2.06473408655521	0.30316636189481	0.461728002002787	0.239984706983629	1.79303950060954	0.084020430599094	0.602908122169976	0.435552997648903	1.41008822056775	0.671802888801811	0.667661256966214	0.28687603404737	4.47495700539882	0.280934343434343	1.37917836772901	0.287282850052247	0.828642023685127	0.628913052943225	0.8266065830721	0.350807373301985	1.76813392546151	0.887314687826541	4.23020207462556	0.208319727446883	0.014350128439568	0.134728208812261	0.749114256792058	0.119831123737374	0.469956842128178	0.793130660048764	0.052986764193661	0.916206787704632	0.080157719435737	1.17176615290839	0.177056121560432	1.02011358194009	0.203880126698015	0.13195668974225	0.659180707941484	0.333851717607105	0.838613777864856	0.700848735196795	0.550186672762104	1.05783045977012	1.12105837469523	0.136197644548938	0.285227000609544	0.322739790142807	0.161182133838384	0.227173404301637	0.280862232236155	0.853278202281435	0.101163847526994
12	0.757061794668189	0.500989843440674	0.354851764108824	0.173340727081023	0.358432700489781	0.290353346764579	0.700175874945039	0.051416077682476	0.501491874533789	0.062749511640778	0.12951964702511	0.560943730955084	0.885060035918739	0.395714251339296	0.321084430911115	0.509584528254835	1.97676438226113	0.426883929098772	0.683310255215545	0.037614050745609	1.05418217056807	0.435880020037494	0.225259929606272	0.34497411094559	0.333318020838119	0.0453993608127	0.411452215171183	0.346579735443833	0.264684136036208	10.0009865621917	0.381013162183387	1.09552372014884	0.152679796037564	0.274223820555056	2.82664396042376	1.9344745517267	1.10222949930328	0.552263733667583	0.513557027013429	0.174542757955388	0.356591919815025	0.455015170307759	0.481804380686131	0.191608533872333	0.169828696928532	0.174623695430095	0.350214265558042	0.294647407922685	0.282117411838309	0.140749174765883	0.009472965789698	0.180644787298504	0.174607289185222	0.224367429885178	0.243890861284106	0.74968335947395	0.185165254635858	2.06299669906353	1.91659174481508	0.225232585864817	0.243489455159545	0.300150062453105	0.528897959719388	0.134941364080824	0.035893582533256	0.733155708388841	0.73044758423513	0.611821683805724	0.028521709836966	0.822174899320344	0.131681990099378	0.292967408447685	0.068247791172565	0.063249355234577	0.290700065406229	0.097757156950889	0.561233574614508	0.960874387226754	0.243562736386645	0.100447781110068	0.509078122163087	0.329534740770393	0.12072371227384	0.2687430410178	0.622431055490295	0.802962092824346	1.35942473142977	0.131077146538392	0.944359861137543	0.275480538912331	0.381543630767615	0.608052622483556	2.11790730690397	0.023510148903079	0.982440942987205	0.345655516982651	0.473657039482175	2.17322588336691	0.172070883727849	0.471356883950974	0.300325062398418	1.6725980710631	0.105379498318907	0.878298475531727	0.574814664120418	1.46048938734707	0.983271098977781	0.57494700782906	0.243552892639721	5.15846026298117	0.399016281557412	1.32823864742542	0.369307853341296	0.591454971420321	0.92395705501342	0.79061475293289	0.388310659902919	1.35961723136962	1.07020669681041	3.59968215634933	0.236649144797142	0.025849679421975	0.228118991212815	1.28089459972044	0.134276364288636	0.347813485058286	0.510440934237208	0.074712945402205	0.720550243578049	0.076703569780135	1.59929168772135	0.124216054932483	0.550953421577056	0.173619633243865	0.133171677133851	0.508842965986573	0.373360195824939	0.766545697954469	0.738285394285814	0.561235762113824	0.693488689534784	1.35755879451288	0.07925091273409	0.394960657824794	0.203592748877266	0.134014958120326	0.370396134251208	0.359475043914049	0.842369893009409	0.221666961979074
13	1.48339554615394	0.369277803726593	0.236175822309376	0.11071694646352	0.145894532863424	0.509150495836823	0.694036447577174	0.025639145053019	0.216886631127512	0.028067182125941	0.030915976020721	0.182697244235825	0.193443913887677	0.33334748723254	0.392029553341543	0.103946235770506	3.38938148747187	0.200349729982205	0.557456467109555	0.037157845570666	2.33861273773726	0.231732784676731	0.365610657114071	0.260807467082534	0.176169723265536	0.024268790266235	0.345811925560784	0.131395793203812	0.433580254538577	9.07003091983618	0.264258445052633	1.86322701181593	0.044071381973851	0.165743446422988	3.57478083973797	0.481944128126242	1.36254569457687	0.47944274812107	0.108007118124583	0.205236685362681	0.492154236326368	0.25444979290272	0.10340581416445	0.110145643622832	0.085548740238635	0.095168244826428	0.418626016668146	0.261980953998541	0.07334679240476	0.268940812253674	0.007322712762056	0.115360712121271	0.06337987392736	0.112913374276704	0.20553777740034	1.03629703115531	0.40290746824058	1.47222039937157	1.43490814762774	0.236913111786209	0.18346541494729	1.15186233145601	0.58202634941345	0.036049981278252	0.030707527686957	0.957329854047565	0.737243154981336	0.595687435583675	0.016278270805267	0.52059585342222	0.045719667872322	0.283729063487958	0.064977977819553	0.163720725554608	0.125045839332657	0.060141204445354	0.10666764457243	0.128157123721806	0.174247366409709	0.154973615845161	0.294359928509942	0.349320805845818	0.072582481847624	0.220619400363627	1.01805008164226	0.212713804297896	0.276043496218979	0.061584902164389	0.477806042685587	0.226633520808162	0.278672261317007	0.312189981355455	0.440250601219037	0.030680506606654	0.270909490961449	0.156189564458787	0.462307523054772	3.95406802363958	0.145682224375331	0.422887627047329	0.450348764943622	2.69528327742543	0.062237268245985	0.942719169912413	0.167465075253709	1.05986327333367	0.365575915725111	0.338933130546559	0.278050776470043	3.42944988940658	0.3990859154549	2.27820132248887	0.19309649999807	0.317957051922936	0.96600362082476	0.286357828585987	0.218442273322087	1.0798009704428	0.232246185202484	13.0221341249223	0.471351864647548	0.008496199678063	0.146940634686575	1.84827663409983	0.213891151368232	0.138884492602014	0.846346556935347	0.034255009515281	2.00314988593244	0.082198126281089	1.05079963096925	0.213200183743346	0.297096777929182	0.044777790216053	0.104413314444311	0.478975669447264	0.288222283126879	1.25038891054864	0.351424589955106	0.69641430264382	1.29969466179258	0.678854460601335	0.028445477250181	0.291306546435726	0.36100549299961	0.081947216249706	0.262065877393778	0.144624542089193	1.0214122760628	0.055400934929379
14	0.664716727096822	0.862764391287874	0.303163185380545	0.139068731625713	0.187784272584179	0.352149800887507	0.630258808799589	0.04923522531387	0.293480881756084	0.032581363549909	0.084194856173236	0.259231136730901	0.600659265283138	0.391785093296072	0.266008000443304	0.226877415895752	4.42920985513237	0.330743897452948	0.380455375288485	0.051603009077253	1.40855876701517	0.412720734806721	0.321924239905468	0.370690700944867	0.26371659680132	0.054366172292587	0.392346711835774	0.348342776013048	0.595929688354128	8.16751808037286	0.417072904077051	1.659329682064	0.091765474088418	0.145495145369343	2.79243627127224	0.976810396083347	0.92333083225877	0.803752510434872	0.155312237443333	0.144771780690207	0.300865791140804	0.560341044730296	0.275789148930753	0.301918638696566	0.140930309878645	0.143964547642475	0.906152793191087	0.165455817095069	0.127945689240737	0.160200565212898	0.003571893912504	0.17434736181563	0.272471855422914	0.206563298902373	0.270878356419599	0.791721892489737	0.138391794079193	1.29074317858122	1.32021542189534	0.223524178801371	0.231642936411302	0.325043843687333	0.837469092259698	0.124480128438416	0.052561504718345	0.856953511463757	1.06190533956955	0.811276701217439	0.108952499052737	0.614931864438763	0.062354634401307	0.381154777576593	0.033505413253898	0.129687455538532	0.189272936126749	0.070742968910295	0.334284340727229	0.328425536121058	0.290199531834785	0.214114447374845	0.365953635768661	0.577387290647329	0.10478304301399	0.200945615855914	0.972956944076272	0.55366302588088	0.915758716694149	0.123018422585752	0.435986718844773	0.371548854073532	0.279859760106513	0.947423518787263	1.0839911758495	0.033093559658117	0.476135705010985	0.12626233127107	0.421453528686726	3.00921054405111	0.162857395318048	0.447096282384797	0.205732103463614	1.54044626957989	0.098235319665785	1.95387089962304	0.222362002836548	1.46410658471529	0.659603751911375	0.597232643366237	0.264462426222045	4.24443735557043	0.453626033939731	1.51735101757791	0.291626791750348	0.514352723400623	0.788006224231069	0.662614027284178	0.41971176238893	2.70413036738838	0.750069266286563	5.72995882961692	0.382607497532623	0.016445688491912	0.269400176423104	1.26257688557809	0.1490805181268	0.360879599468634	0.422416517276135	0.02521143065958	1.09819638078037	0.078995017320316	2.1305306321728	0.252246099746448	0.748330495287646	0.175034782908226	0.239634393818901	0.539360473736471	0.370546926598703	0.979203639887197	0.615426088753701	0.472024657300367	1.13572298277853	1.25909784593081	0.058902552443939	0.230960008267025	0.280801781603773	0.172930585446142	0.240345777302524	0.123054366172293	0.948841792806191	0.407735059823607
15	0.480153480627349	0.788839088856859	0.327922022363944	0.102114636602365	0.243211509730751	0.478188244121073	0.320530995583812	0.033686759992366	0.456793097320671	0.037484286663903	0.107822115163123	0.202009990720082	0.991045208337447	0.389190541065282	0.30845393935804	0.312860913117592	2.79347246628626	0.25775004771589	0.303209798540223	0.040476237486919	1.68513831026517	0.462774366365892	0.279313680968271	0.629220552714541	0.26304684054995	0.029745756576566	0.276516542605353	0.206391954771918	0.260407658235762	7.60960241146234	0.301511771016381	2.12827610717318	0.126811064821213	0.105042088705484	2.95722813460488	1.26161338940773	0.852986356546291	0.749343495172468	0.306493968053389	0.167636121915744	0.324088955581443	1.13401254434287	0.291181445429476	0.192928834218545	0.147786311792077	0.232802206119481	0.467411692696507	0.202874800086876	0.07498700153349	0.107754983842413	0.009108798810064	0.12702693808781	0.150888831849205	0.214502997874175	0.222766731823537	0.612679921811756	0.280061339598923	1.69690471959511	0.821088448805786	0.194375448364826	0.377271440888239	0.556286979814533	0.589312957003047	0.095908280187705	0.080494402432523	0.437107824747764	0.851050078648949	0.571961485050118	0.040290639129662	0.878292231853153	0.051491039284986	0.299110839075694	0.014426652450622	0.151715468504222	0.18145727617957	0.096942892306882	0.38005409994669	0.316230642157153	0.344082242449372	0.076467839490329	0.337775847203849	0.887689300452149	0.096367669029426	0.268670075884718	1.35802054744934	0.587280589176062	0.875574071514601	0.104993385590459	0.669989008891609	0.795315286854766	0.249305980610895	0.781458592479976	1.70221467543323	0.032230931743243	0.283827275060714	0.247368386413147	0.355706491335452	2.24241778058589	0.369551339006588	0.540842827150012	0.29433530120244	1.36181149261885	0.090498285518721	1.21188356006608	0.083511362963256	1.55130478277753	0.863558881407915	0.305801594039792	0.362351175785338	4.23938370814988	0.494632785094214	1.34077306322849	0.266221757129412	1.36142318399905	0.6117150736141	1.31997420051204	0.493221711058898	2.27574255796658	0.900990516055574	6.67019171915415	0.333726907154751	0.017181669200545	0.150701917191541	1.94758623413035	0.155204980880737	0.424038278015809	0.443115419801107	0.21311824984698	0.908464469761289	0.05751179734239	1.75665817652905	0.16630139330398	0.683309969001126	0.1865526750515	0.473589090502234	0.285106719055423	0.427598870614252	0.858067276113755	1.06979814533273	0.555265530699416	0.551440361719352	1.35672662415016	0.059569174877091	0.43125818574315	0.430123534793111	0.14471406664429	0.40494797322645	0.225374322927979	0.693616601180721	0.192198287493172
16	0.408583034286014	0.742896990654594	0.509426549056979	0.095833429931413	0.215270143140052	0.194430581772613	0.907495238223067	0.022374555699673	0.31659807186165	0.040122165049717	0.111306612067398	0.506466377157137	0.611831902258199	0.433645660346508	0.207242537645797	0.50093771315129	3.19238188901918	0.32287593023951	0.481930871566853	0.037420672639885	1.32566893661986	0.374348268006594	0.491404397795367	0.613418144413926	0.246483728205948	0.015115667557809	0.467276434420479	0.201517423649894	0.33372704677096	8.99602097256167	0.49222070241243	1.93939578816102	0.07440817915263	0.118044480670419	2.56074636353986	1.41995150979749	0.726830797989621	0.863902863411128	0.270883793119858	0.214206140709441	0.199427244563155	2.01389304091163	0.380743264266723	0.399143673273162	0.159031757788144	0.171547208396834	0.548684822224961	0.150621013803967	0.231730455971409	0.135956815167403	0.006673198730518	0.33050575500856	0.20230444379639	0.18085356910586	0.253690148338045	0.631037634205238	0.215395822326236	1.78953373021926	0.966036115073327	0.174903940835608	0.522142110214545	0.183174363398316	0.535948517900743	0.077511112846487	0.036149238542756	0.480414180028723	1.25505431659197	0.977043415447802	0.051477218512178	1.14373306228929	0.093357671982205	0.282895306797536	0.030500996282093	0.180643697066794	0.213237312808173	0.055771054009105	0.287189142294463	0.159228207778199	0.363132315779327	0.09673148702881	0.631143790411044	0.478151954677401	0.124870202685142	0.322310983994817	1.97753637070235	0.580543885829611	1.58084649202547	0.110288976715185	0.383952354166387	0.36801550124642	0.251782997192351	0.62482078514106	1.68199627355112	0.032394725378776	0.496121637929246	0.163849053196461	0.400140565458723	2.78973140039558	0.191315446216019	0.386891782899577	0.180627834645237	1.44702378265066	0.071075850439328	0.481240246135975	0.093268598384229	2.09522821753969	0.851414256900458	0.426329423449784	0.453094209362001	4.13320041437526	0.510345349321027	1.1030081252204	0.447516737905209	0.61443944032496	0.631722158704748	0.75684738032108	0.396303079628136	1.72944565717402	1.02564831547184	4.51401078888703	0.327840868186937	0.014428702685752	0.260924632754436	1.00505645191795	0.149843755147661	0.533282410892847	0.728157140469064	0.053567397598918	1.13181794332723	0.04368998971383	2.14139396520273	0.209992837506574	0.562371651656342	0.215387281022321	0.245991993137672	0.305607854095006	0.475035598934533	0.858183850346594	0.546403073893261	0.627662598972359	0.791526294404104	1.19959318989637	0.081926966970778	0.310087157905526	0.208714082291803	0.094038535922894	0.290333562321624	0.25529225291533	0.853115196565908	0.167569401144779
17	0.444473192468018	0.602143034484561	0.245086048061468	0.075837286186575	0.258853737896429	0.256429756817855	0.644428763704314	0.044995883805716	0.417024056868817	0.028490598089563	0.035482901459616	0.465444875664798	0.543321964796738	0.348957884145465	0.336466867902832	0.377547793589191	2.8431024344349	0.341836214669332	0.327002234505469	0.034416611130712	1.27244501940492	0.549834698864453	0.289378912017981	0.449021913834333	0.456581337305788	0.014955505899879	0.262688985586786	0.226576241065245	0.350885308453226	7.9145634873966	0.270454872136632	1.91792700615469	0.17711657323559	0.193182798228076	3.292734590406	1.09306911286213	0.664798045134397	0.930245534255883	0.381173964744469	0.237921256549976	0.231202059403871	1.21922197394384	0.260663556653207	0.231303984214722	0.129950213650084	0.128836881100788	0.669380741437663	0.173486481895279	0.215932938701373	0.10276765063311	0.003388346596626	0.11269617259268	0.128687914069544	0.17639003227619	0.228929658813229	0.802092072079135	0.241942059665216	1.84922053654266	1.05855711056229	0.167847949089864	0.238967945953716	0.56950618735871	0.683158885099377	0.096563304454637	0.044582957648934	0.821078834921008	0.998949390411227	1.20564375971879	0.03339082938048	1.25755615665059	0.065961033360775	0.327249206162531	0.030304337031375	0.123786376050283	0.339295934768121	0.058277470696617	0.322871666209312	0.68110340141388	0.265204437649457	0.082505520927255	0.390323676610869	0.593421929515073	0.140168829302076	0.253017889111033	1.8579520953389	0.946648895161185	0.895550589987847	0.134547283965137	1.25482117422609	0.600691259294105	0.325553072771701	1.21829158336273	1.61913965005815	0.029451043422583	0.30552615416781	0.341202451422374	0.367572229409228	2.08296548930443	0.280162557006024	0.362364916957414	0.284911207809009	1.22717210919022	0.084214721601526	1.02777843114195	0.157429404001202	1.2086387810838	0.947777908450612	0.350948031413749	0.303590889489984	4.89713303801273	0.442788819632287	1.09016294902453	0.357076587348256	0.839246279091039	0.555873090543207	1.2200360657023	0.381585584172906	1.55835848785396	0.559508408796895	4.65849961451514	0.23813817345512	0.011488755602598	0.273828844721471	1.33413827799339	0.190336743894312	0.233850797757654	0.370572477687613	0.225342689508278	0.689670312438747	0.039621310125838	2.08279692134802	0.217838148627282	1.27117879963934	0.162478602323363	0.241891097259791	0.278139741529133	0.482323885687404	0.818231473858899	0.684992224966352	0.758123276751996	1.47347994825356	1.42386608647928	0.041628444862598	0.270142564062357	0.456962901982307	0.073932076260666	0.186181347759614	0.373828844721471	0.690331516980935	0.277871862218563
18	0.448345420552794	0.723383517234593	0.393845225082908	0.101003412079773	0.333558057215498	0.163426121691307	0.439549275697641	0.030924133749272	0.35399064404003	0.036675203514735	0.064858769683286	0.29195621474561	1.03846900539071	0.333014198826117	0.141965655808115	0.417665956592388	2.42280535188569	0.314530991949832	0.462945824257946	0.047402112138547	0.960620131536606	0.427608326219293	0.487129571269384	0.531573040580612	0.398495280798475	0.016174800607419	0.432182587489395	0.163420802782853	0.378916378780747	8.67869271868027	0.424942223356923	2.21815901940604	0.098455654930495	0.145930902060279	3.04512295986618	1.57370943335009	0.75174526683634	0.832216362558076	0.584683671216993	0.123056936255542	0.300685873245093	1.76287242332129	0.355615570572607	0.272583420430459	0.148263243417186	0.188165694636147	0.514673538696389	0.194984535273671	0.112770167306265	0.379728842047035	0.007688482169689	0.180397428839654	0.161771941162235	0.138548257126672	0.366642997524048	0.845464433788898	0.177082419145943	2.34919431834199	1.01162713387959	0.146430879454918	0.22616530635583	0.322010706962717	0.451547403441866	0.081880606461942	0.093112811388847	0.539508851993394	0.93157490219857	0.744018222580362	0.095516958009877	1.20529789876522	0.083641165160086	0.277358470494685	0.031038490281025	0.21639713098078	0.238612881864384	0.091247204248744	0.433597417138055	0.48297683349423	0.323545212051583	0.053843310275865	0.635815667908632	0.825027857783026	0.133876925777292	0.361447753691987	1.0316514944803	1.03111162527226	1.14463840730605	0.130653667254406	0.674912304496871	0.380001436105282	0.29493480347963	0.839398218697559	1.8391641867256	0.127996872481829	0.495069371863506	0.199340721297175	0.464815420579389	2.02504009127247	0.340021860713744	0.483358465175777	0.170699729001614	1.24192922128521	0.094610084118537	0.7801083461652	0.493604012584537	1.30569495528128	0.874588117026624	0.650050396657598	0.239170037524899	4.38264493360672	0.45610304853238	1.1335604507243	0.387683269639404	0.80089597012901	0.659387740447905	0.72059507947779	0.343395378400445	1.38339356997157	0.73095365369119	5.66051800849429	0.241421265527888	0.015911514638966	0.191851698194496	1.10174805926328	0.127415781733273	0.458388849440318	0.439195568285477	0.223600262754078	0.451208323027948	0.112884523838018	2.01838480706989	0.49884313741134	0.664440703478832	0.220645609108099	0.164420757572131	0.276274742897263	0.536019648047828	0.720418225771707	0.634253238550385	0.568728275583285	0.629367821135747	1.10354718004771	0.10114702260802	0.312842238515812	0.393734857732496	0.214219037969028	0.149152830856052	0.44611945736496	0.812029775249523	0.34362808064529
19	0.490503406824557	0.939117188071342	0.24545250587843	0.113531483223698	0.444748953534061	0.481456140155163	0.952194138799127	0.021834169390515	0.407311688810716	0.042664326450271	0.071317103040174	0.468372991820398	1.24530996091789	0.404745879520999	0.398892859489094	0.330343607726185	2.23370060352297	0.294562343587894	0.409879977143225	0.058129834908145	0.974550146697357	0.441374976294153	0.260720930434341	0.337972861918556	0.371573807921285	0.012814172191833	0.256692485897345	0.263694542263341	0.520411818588607	7.48722363321074	0.35508321526892	2.31244120020378	0.080451136207288	0.11348438141065	3.27987277552391	1.29844700364295	0.436321447562667	0.900358593539863	0.482765074749338	0.258380714038695	0.333625860382789	2.00840891315045	0.838305673413382	0.219148622333944	0.157735295247799	0.179772746147258	0.268420837346284	0.154627815108031	0.0868594618246	0.261506786999404	0.023755427554313	0.19013390549641	0.135946988148936	0.172419905226194	0.288994413477068	0.620907255290587	0.409710162711974	1.5946033717461	1.29120448012613	0.176840038524325	0.33105757205028	0.505688783446935	0.505453274381696	0.083784209241128	0.281732057617913	0.852573804202721	0.681208731684522	0.673332812734347	0.049791574477263	1.59923794224574	0.125561038371864	0.323562186168677	0.017609880472952	0.223804264697315	0.423592802347158	0.061255907868854	0.497615780594797	0.197365273320665	0.233385765088384	0.121523917185097	0.535289793904778	0.831974198122621	0.107431798433989	0.30475492802719	1.45499731643618	0.625657101280054	1.4654291285049	0.124792535106345	0.93364098254382	0.346650751211942	0.320877382824944	0.897127161260494	1.88500836057182	0.126493158461655	0.234555873286207	0.445226169271521	0.406317592651125	2.21739593908	0.276806199590214	0.443663132791167	0.403190280169021	1.2340327952571	0.156313564206589	0.608723999489317	0.153807251943879	1.43723497483152	1.1724186657048	0.455505520208537	0.31025964254682	3.87128314015392	0.429815199755071	0.998748083390042	0.356699551169303	0.782409456060826	0.560543802826852	1.22604903794547	0.360853187367294	1.71968099677353	0.670206739773639	4.38593738185812	0.360058654152459	0.010984638611339	0.175254690658843	1.61258386911646	0.143760931029311	0.628095239865983	0.407897982431024	0.144804608044742	0.649129917956079	0.070626689622603	1.86676012657993	0.165306291934558	0.917737923033159	0.263889147122513	0.251039028810196	0.276465331206315	0.537767597175379	0.698376103019102	0.529425618180308	0.554385860531532	0.956617990661446	1.39373892952453	0.333464722601309	0.280342554132998	0.339692078094806	0.098453944962771	0.224399234967394	0.286898382796435	0.695292173785858	0.063963022597715
20	0.31798294797984	0.74094545471105	0.39139156461222	0.148049058996711	0.173861614283714	0.238815944515472	0.329438244204328	0.022080647015897	0.324287800940605	0.040013843808596	0.082224936843316	0.390247401155093	0.62403813422802	0.351357228323795	0.277263252088241	0.39807325150762	3.61309401152816	0.287297736377909	0.407857272154932	0.086358725413294	0.877214753219312	0.534775169034497	0.465708681183691	0.439922310732026	0.443080429567916	0.063248900521534	0.386973158266837	0.238539296037779	0.403758776189105	6.60997573918082	0.42435485688849	2.88266802979607	0.104446754275813	0.250698167403068	3.34317617498756	0.994736848097216	0.613512968893554	1.37980648268215	0.414890746620733	0.126686787245936	0.173082900050207	1.8442252761077	0.515422298778079	0.406512737783921	0.154147848688083	0.168778340814986	0.389743058457076	0.19765110642314	0.086058169042466	0.110118617304078	0.020905744839026	0.085299947288788	0.209296527321599	0.135022672651989	0.54939199950818	0.624005118566073	0.322980836115946	2.34751488835583	1.17205372217434	0.124651200916242	0.196491004370591	0.218121955301348	0.760232293643574	0.082218106016706	0.039825996076829	0.816489843130067	0.869750936677099	0.684917876387085	0.039287499245763	1.37934767882819	0.298970480582806	0.295781623027172	0.036016671770812	0.162352809917449	0.194431510147762	0.086125338837462	0.504886887203699	0.19037172219939	0.361276727032199	0.060269521648597	0.395929510423272	1.10937064179031	0.082201028950182	0.231089141148786	1.51744080804125	1.41051674064831	0.812352639146784	0.145956549111936	0.962650178569192	0.54611434120662	0.34244299959812	0.954055860223072	1.31599176202311	0.031095061198514	0.746083374792656	0.311547170842389	0.368500326171971	2.28151999553719	0.1436807453798	0.319014402797907	0.371050501439597	1.16745657586601	0.108619250863246	0.193172361109372	0.136116743380644	1.43704539425823	0.676405527960281	0.446586920560902	0.314825967615051	4.28592701717156	0.477348409726642	1.22110133417428	0.406856556056609	0.960114803425887	0.515709193495687	1.06052567764646	0.365613163458265	1.99319421975452	0.733465699573415	4.55944014545107	0.432895667092834	0.011024954148076	0.385206251117125	0.997449824732374	0.169358961076812	0.499621458358712	0.406737016590939	0.23823760119585	0.807802170153614	0.106152183986038	2.24188981648984	0.195228439918895	0.825898168313844	0.284557436436312	0.232506537670301	0.208851385120866	0.497929690301706	1.03912469787823	0.846783420673041	0.528008096806475	0.85791539110467	1.37977802090461	0.244383068202388	0.233273867192792	0.312868935791368	0.095418678439976	0.26406951049158	0.409723226290485	0.540518755742164	0.094659318215196
21	0.229944257383024	1.2164443972274	0.449355740232033	0.124052798296717	0.392534478684032	0.421591754168771	0.237679060419273	0.020864997062184	0.29053481257602	0.031123503177394	0.105217170720708	0.348150693693127	1.02767400867686	0.330381785975236	0.237706162041684	0.290110943201504	1.73499925199522	0.368842240371878	0.360077575683991	0.045555659143979	0.902959930793297	0.659693599897664	0.540163520348982	0.544204914282989	0.480814219462434	0.014152467223298	0.250823347288862	0.241931847008089	0.585092589982807	7.70160680098954	0.35156224592229	3.2839859765365	0.208855942952169	0.134299379698066	2.99175677052731	1.29415342120041	0.488068781749551	1.06573986345119	0.631828795799032	0.194317548625731	0.210111290102271	2.1491760022722	0.47823631313865	0.241006055586512	0.135460413202176	0.132446712790014	0.285294442866528	0.385186686815819	0.213879499682369	0.14977332203015	0.01607559834962	0.192539682195535	0.196033623356829	0.122297697229347	0.200050083798216	0.744715725662201	0.580566619040082	1.93439130840129	0.791786907531432	0.2025976363049	0.168799745027936	0.758464920744015	0.863109705199392	0.104195981588242	0.055081337389182	0.700650655750856	0.793376146669644	0.703996080021335	0.039123902113276	1.47060232813777	0.149715866590638	0.301438337304624	0.029734816045028	0.157355271915998	0.281962027374807	0.070310281054665	1.0374923844441	0.377627502292797	0.315698126952672	0.071903856452463	0.528729887886008	1.38375572115249	0.137631795189787	0.453705008596635	1.15890982097752	1.0297131347471	1.4378483913561	0.201249059573702	0.693550030679037	0.333539667018626	0.436981139438931	0.644671712627405	1.95749706760446	0.02993319992108	0.196872689586689	0.558119971293962	0.347562046454349	1.92358534951336	0.150269823752729	0.456682934867213	0.386521170703363	1.17020686126354	0.110918268011196	0.526222445780495	0.377627502292797	1.58889982589918	1.30463958094387	0.614849087325764	0.270532731171419	3.85142240155065	0.374801345107723	1.22321438250579	0.47004837097568	0.779705004260375	0.489609237967422	1.34965429170452	0.25102931961919	1.77635524373031	0.937530760341437	3.86590550856736	0.346775015339518	0.013536718362108	0.127663818466829	1.20833559180187	0.15896294015745	0.341646304314362	0.252362719441837	0.031034609855885	0.747434560422525	0.060182946791927	1.66036138387388	0.319394788249604	0.895888575473682	0.246981421295804	0.164550210633809	0.156349259692082	0.563465495298411	0.732553601588806	0.551511511685135	0.369730089522079	0.921807483083167	1.31354083780871	0.074244352563922	0.283055848855336	0.483592677792063	0.126743447369733	0.268500109490555	0.301383049994905	0.690637148302246	0.082451807895028
22	0.181364118074106	0.883083938238902	0.288137793300777	0.132971981645609	0.442215099444343	0.502267410756919	0.772790700046266	0.020723327674465	0.31290083010135	0.032518870364928	0.138872534521109	0.563828238651589	0.94007749343327	0.289596242338043	0.322053919037071	0.345439171178154	2.05730415940764	0.237568645849076	0.377658563450878	0.171011262416056	1.0477190061036	0.305519575946439	0.64072178856105	0.740167058707905	0.278058454785762	0.013826986962968	0.377420279024573	0.390815201619222	0.394509073815323	7.25415491083805	0.45252159626459	4.43993888050824	0.081462676963274	0.128337952218873	3.04124916669989	1.40102249052657	0.296511126584661	0.96534120568211	0.267157637664887	0.176904397877507	0.209452010721872	2.91918449241245	0.536606329093972	0.173633318282164	0.144269630418073	0.138153045358414	0.295165793111633	0.240174939710331	0.12365385524731	0.100377082786685	0.016906140969808	0.145334029334018	0.221003705925494	0.108930288361243	0.335311619471824	0.620663246620672	0.28325528050342	1.91433535797831	0.739952880877258	0.165125544368653	0.255503953018099	0.672115993520889	0.732137708000515	0.135327937782731	0.089562493104123	0.718113232388509	0.799795650242966	0.624889318274746	0.030908364339669	1.75893960648764	0.075817097695688	0.315517322906922	0.021318575151848	0.099345135057202	0.293494093420476	0.106502012437149	1.11496157315935	0.315318907081127	0.317506117048648	0.074993764736316	0.661318093019935	1.6090429403371	0.140363434744836	0.434882985657503	0.916268521514673	1.38926125337608	0.940166502401851	0.183134098501404	1.03475058481674	0.66638418681499	0.211865451817869	0.792214125908749	1.45988059817736	0.028248294226563	0.544154475064972	0.700321637616674	0.340346189257174	1.76988492809281	0.11535006022013	0.262752620896895	0.259507502250722	0.953732952696369	0.105813120107404	0.374346688078268	0.261764250474946	1.48533994472172	1.10322444260451	0.743303697673621	0.213701261794847	3.79054520774786	0.465919300389507	1.82722710174745	0.370522083959564	0.844312187831175	0.481983564864822	1.05793556677852	0.452222118172386	1.62050933527917	0.971209307371148	3.4144303935958	0.197812233726425	0.018047495556505	0.231503055510999	0.732235988736657	0.207625472512454	0.537407409811199	0.290114534144675	0.061163069066324	0.647328850124659	0.0520479943776	1.66520574515805	0.136897648030723	0.637559188646164	0.251508748376282	0.15908962368677	0.158186553526378	0.562532045546631	0.636285247783352	0.617517335887396	0.396880791957298	0.751956111161076	1.44546392679754	0.171482268208129	0.316807952951343	0.599713687817732	0.14197023206307	0.40110500925786	0.262544006126784	0.824256427421067	0.154845008497575
23	0.941553685522829	0.528414108358007	0.412498052049244	0.050748013090229	0.180478936159161	0.774738974598722	0.154716638096722	0.039330424393538	0.464960261804582	0.032761934444964	0.028232299620799	0.266671861202015	0.295485948781882	0.303449171471612	0.578546569009402	0.36748220871643	2.62104046543037	0.282497013142174	0.223416965352449	0.305737364292764	1.59321853410212	0.261627967378318	0.304472494935328	0.496763804477689	0.270772946859903	0.026032413900577	0.237790244662615	0.31978079060828	0.204656900940211	7.76159160563088	0.277094696379409	7.2757051581736	0.041304347826087	0.064407043789933	2.58600332450262	1.02096254740014	0.168806815230378	0.690075840216093	0.430263362942185	0.444371720949561	0.212240922549478	2.18715910861773	0.188003220611916	0.108004778972521	0.145969040569321	0.121196301490832	0.242621162537011	0.538961612383772	0.337730507506104	0.155269856111371	0.007976209028102	0.12938808373591	0.130616591345904	0.128406316554984	0.298561113708379	0.50529323152044	0.150353228403719	1.38493065295309	0.918599033816425	0.157586618876941	0.312170796322269	0.325325957093138	0.918653576437588	0.08514103163472	0.064856371097605	1.56728481637318	1.32506882759337	0.481034751441484	0.016266687444808	0.904158225546725	0.042792582203522	0.302662199366267	0.014952470001558	0.093683445015843	0.128619292504286	0.074429899745468	0.795132720378162	0.372920887226637	0.43704482884006	0.163887590255052	0.846218378266064	0.53815905667238	0.200893460079996	0.258612539608332	0.923437743493844	0.529390681003584	0.952298581891851	0.091610825411667	0.986777310269596	0.482756739909615	0.605137395459976	0.360342319879487	0.956264609630669	0.028523193600333	0.224146797568957	0.177157030803595	0.38844735338424	3.38169445743079	0.158415147265077	0.197839073294894	0.262118850968781	2.22505324398733	0.050737624019532	0.447745571658615	0.097818295153499	1.60248558516441	0.380580229598462	0.300716845878136	0.308942392602982	3.77678042699081	0.688416186172147	1.88388914861566	0.380411407199626	0.409054075112981	0.694197704015376	0.623796166432912	0.437283777466106	1.6037140927744	0.548101397330009	5.52897511817568	0.271593683445016	0.008313853825775	0.276125915536855	0.700075320762558	0.147106643810711	0.500820736585112	0.260513739545998	0.28144511973404	0.73369695080775	0.081229546517064	2.35562048724742	0.112879850397382	0.652223261129292	0.124614305750351	0.122165082333385	0.173658511246169	0.346010596852111	0.919526258376188	0.540842034180043	0.577593371772895	0.597937769466521	0.9876396031375	0.468705521791076	0.329055633473586	0.238208404758194	0.05131421744325	0.458015168043218	0.159160563087632	0.943696431354215	0.093961352657005
24	0.514595127876148	1.23011345565052	0.443618434712892	0.088083256019943	0.11808125167279	0.326031668685016	0.564533377180928	0.035425335668138	0.552760538125203	0.02844132603767	0.048787249951692	0.680453054469034	0.773140307901328	0.379826185895397	0.626682541416173	0.220257348572773	3.46432202057396	0.222945814215022	0.562518228157117	0.085190755038773	1.23792680892331	0.525795467775018	0.403003400188913	0.528457528843996	0.599202581887183	0.021645749043734	0.478442466235152	0.292739102412538	0.350123441380047	7.70179155029651	0.390680865925978	5.28551265079112	0.082623510392	0.138140325904447	2.68585999095043	0.552023610489337	0.393286517224783	0.910034818030483	0.607841678178661	0.134380074628926	0.258621993329245	1.29208738953587	0.263938914219943	0.137381794526812	0.162540552023611	0.167301776667719	0.361236166103969	0.15318133100653	0.186873566501718	0.148957799490872	0.007652525417402	0.112644309994491	0.254156019822633	0.12860587453747	0.282023646495573	0.684260113851719	0.172967958050334	2.0374380842762	1.00853707862202	0.135437457767685	0.230701557509761	0.811400534572588	1.08727311570364	0.06760530923956	0.082843148433309	1.09268125239291	1.17915262923538	1.34630798054223	0.022717534677006	0.955031811509754	0.048233954120854	0.333987846695048	0.024825099707269	0.135154208708948	0.138855649798545	0.101527984646941	0.874550672176421	0.197789457133976	0.248034959655012	0.185870192717379	0.736622783066027	0.685636752285496	0.121919516460251	0.273510572031076	1.36099132369726	0.754595896009189	0.705910663726957	0.062275186062226	0.620266230111055	0.621969325087105	0.474569395419287	0.548452992058224	0.818421750647212	0.042204109751809	0.593117527955842	0.279381988960488	0.340041695221612	2.0281496755238	0.141130043723573	0.470644715664753	0.385020685582743	1.22896605692106	0.095747783516105	1.24340095704576	0.121254601296945	1.24251520363327	0.452467567382671	0.642375259394927	0.441969349091263	3.40432602926827	0.499647738988393	2.52458925885963	0.301188565859607	0.924625745179065	0.555085340781023	0.553807119393079	0.46149073019447	1.86981105127408	0.515126819965218	3.28333667391192	0.319210887325685	0.003084534241331	0.402001226612449	1.43379353303992	0.255149791943965	0.414549399956072	0.302145131536782	0.053089995187167	1.11731791946365	0.018486801914092	2.27645948278242	0.144327397505248	0.657520682582223	0.104373677520947	0.135249025131153	0.194637711251589	0.456640690167537	0.648100250963467	0.626867373429078	0.447101437969056	0.622068942340813	0.984472910708135	0.078267956009981	0.291877353157567	0.606783094832025	0.083624483760587	0.236834619756142	0.301438209097816	0.842197868670854	0.216191044288871
25	0.616389273523686	0.851395357746849	0.582565736063298	0.086581140914987	0.279300505893578	0.324225242137487	0.391356936835365	0.026664769337705	0.551657517527489	0.041147409689878	0.059751267470477	0.407566328978599	1.12066647328506	0.304470216496181	0.448122647722567	0.334092264918205	4.52285642875256	0.241744338571056	0.329582459923486	0.052861591676564	1.59754186438111	0.655278132006663	0.507230830136152	0.753151116778773	0.459555879074468	0.007921348417099	0.378238913852143	0.221759444228562	0.30431058545369	5.89573082739962	0.321106507655905	3.48788537214101	0.063721975630269	0.159732294180856	2.08299719596672	0.850245102063527	0.307295229859579	1.44063914445059	0.440064472697619	0.177900131171108	0.273209897489505	1.47089698051042	0.550745340141826	0.13871937592472	0.116494173923038	0.159317253470379	0.329320665013801	0.118043963301279	0.225232103535782	0.197691643907841	0.024147159753274	0.120072645806994	0.330093279259458	0.134622787285707	0.372544190433448	0.683987090865638	0.287484561397748	3.0628800359033	1.09379281532604	0.129768179239208	0.137171410901249	1.06867601101181	0.99625003876754	0.062664762040285	0.040677638336262	0.675353331910337	0.904180326523017	0.76696421892987	0.029048288846442	1.37770620225892	0.258903307372765	0.32020527639887	0.021707085246625	0.123029012713928	0.315726485435264	0.073684777036482	1.63935333920776	0.430041467583952	0.344924371372955	0.171050591182164	0.986639337832192	0.670612746037045	0.154109632775628	0.332699370050297	1.07962761270408	0.704856797272225	1.13181692964741	0.125151649490366	0.509586984323319	0.709942186197297	0.792274404849865	0.798109603585952	0.891341429819808	0.033610087952144	0.653998347134577	0.86032374999772	0.278527891647921	1.64749725890696	0.1612373868672	0.31387202881021	0.193896073806097	0.939318311596146	0.112799855511102	0.386309859360491	0.270404952028591	1.42516679163497	0.808572278199508	0.358342500716059	0.205196127259691	3.64014875788805	0.392916760164849	3.20693108864722	0.469624493057418	1.33255980691029	0.481002081588794	1.17219719815594	0.68509721074399	1.77095681934692	0.644986034564225	2.62242515128462	0.210389153116272	0.007618505525058	0.202570880743753	0.676672340410005	0.185608030079961	0.587085575009259	0.214317901116323	0.037983978516398	0.551939380339658	0.017424412420937	2.08343048022491	0.165634994043482	1.34214040599191	0.147537394711925	0.199277008204123	0.125262935131417	0.606895331293705	0.537801543039266	0.46177247012163	0.35292416704522	0.350348178108108	1.18564816588493	0.116338191590089	0.336791397802382	0.429526999538438	0.12611217227747	0.439285473210262	0.258555767788827	0.662574638914582	0.173542659799795
26	0.17590975883167	1.08303462061893	0.647224550708314	0.089435771099077	0.295175028712335	0.744797584725267	0.220478638252089	0.02037716125749	0.666318730987391	0.039546226668124	0.07041265528158	0.563020805076295	0.415241111020264	0.315377967418855	0.55123938713397	0.203961117805774	3.91615157667588	0.275342694993623	0.361439200532449	0.0674332968332	1.22718238579444	0.598488084476541	0.530843122526594	0.888262214108817	0.369150840814842	0.013366995982948	0.274314170635706	0.277209474344583	0.275759912155156	5.51318016522106	0.978329159888161	2.90740911963358	0.088803068150819	0.146722132606285	2.54618464075386	0.735861037648118	0.197770104174388	1.09848617414155	0.436627693285784	0.157374924637285	0.222602930759526	2.1681774869314	0.652328201664131	0.11811295581548	0.121368166636229	0.132416780076887	0.401027454570324	0.184536067506654	0.139431530155402	0.127814401022106	0.014512432842174	0.14409198339384	0.356982771070804	0.125988884906902	0.293744569872795	0.458070821466969	0.290130980208165	2.57262596939949	0.670016375391523	0.117558194534761	0.218579765273319	0.931221827334754	1.15309577426259	0.074485489477493	0.04305207343939	0.998014015745745	0.905097614297252	1.42142066264172	0.030029701888404	1.06585612426653	0.205197486610462	0.27855587844462	0.014740908906822	0.100971137894857	0.242624005575122	0.056638375879041	1.35549729458359	0.237328556986439	0.454208124119813	0.102532263647624	0.999811258903116	0.895725510842679	0.209082343843487	0.258249017514715	1.60782580190132	0.959582660577028	0.878181758440433	0.111042423955295	0.781789311446498	0.580187075284773	0.720259713862384	0.902028852171402	0.908277175852449	0.023918922326544	0.479416904630728	0.516058657982029	0.241127067077974	1.84026695785266	0.245570506261696	0.312469673432054	0.370203817460615	0.722853948777042	0.0944538390474	0.635169572795607	0.062742278234942	1.16826765474287	1.29059710194541	0.682140889497819	0.973224744798348	3.35404773239416	0.47741793009855	2.36665670745359	0.352695979356156	0.920494150172198	0.428754820730344	0.765562161918465	0.66859814269591	2.00985962094369	0.865403145634006	2.5887889316719	0.203257350395936	0.007520606783523	0.339341973651131	0.653174097997128	0.172983125628978	0.560800995819423	0.698491828733119	0.079047369430514	1.09934888142245	0.029976212508721	2.60041905108312	0.109432393626817	0.780899859475758	0.309831118745659	0.227035672067311	0.1250253119386	0.633988985772589	0.829684466149246	0.48647444621299	0.339290776673434	0.638395746524528	1.30747223710161	0.109713594937154	0.35876396741427	0.536859913607011	0.182503471078674	0.161260546004305	0.272022532783259	0.656135117229617	0.129786630864442
27	0.316828170912681	1.5323350912563	0.441910204033369	0.184085278971733	0.292423687026647	0.370157089730931	0.579505613725989	0.017182613117022	0.645480196761244	0.041384600831269	0.122691987063894	0.6520694517527	0.712109566687754	0.437320044460473	0.404432892473055	0.346329793838204	4.28471774694186	0.238937353301131	0.374716209744648	0.052825634537274	1.78449603580487	0.393622257433235	0.814410041445202	0.899756265556731	0.472770916228664	0.044734656111246	0.352148233110045	0.173803794512206	0.429107863946222	4.72627912545303	0.841535660019274	3.23932165260525	0.083950922022715	0.288851920609676	1.76070421369406	0.983871253820822	0.185333512673009	1.41412314723393	0.613906313741952	0.230018653296992	0.46872764412702	1.1523864986786	0.555104825025571	0.185170185468756	0.071917180543813	0.11719872412631	0.508100585908631	0.107370269423374	0.154633171533472	0.140629157083819	0.01749005256032	0.115088034102129	0.463513737222048	0.127956148493251	0.077956591915525	0.399782870893171	0.218402467792762	2.18032727519969	0.694127315403308	0.11361143792975	0.133427979354259	1.22615792336481	0.61590688723476	0.090708677478287	0.061578790225791	0.522510331738984	0.761958359692324	0.572537971727396	0.040649997930696	1.14503529641301	0.311177493067832	0.251474379061009	0.014051312825546	0.146337479824287	0.525980850070061	0.038858571943786	1.54945414718072	0.172817179952583	0.346324620578341	0.157248623912876	1.43986676638741	0.974730103642566	0.301907011392996	0.359723363624002	1.79979927751731	0.802448725604385	0.96067657370565	0.111803753126127	1.34174480752517	0.876351698898539	0.601299079455359	1.32422962770266	0.858622198310266	0.035110175654344	1.39076735702588	0.660517385109289	0.193513175553834	1.55902541696474	0.138947847628282	0.409028964342937	0.300172491264581	0.738070462755485	0.167098510692389	0.197604485068494	0.075556199339005	1.10933093491152	0.572903795103435	0.624456807714365	0.392692548732108	3.06314924411283	0.47542036431574	3.31554520246661	0.492204636423297	0.949916193190217	0.42449405518538	1.8120576862817	0.654278433714282	1.48319281774162	0.77623286172911	2.6058589385062	0.191704751713088	0.006869350061192	0.181177167891498	0.983799567219861	0.161103441548076	0.418242540159277	0.444090363547142	0.039302733254897	0.624463459048475	0.031811113935875	1.64310271433555	0.131780665606395	0.833956095282578	0.12597035574291	0.240688132246259	0.117833557015236	0.804886809074193	0.527523220546415	0.625061340081235	0.397497768107888	0.849675414895441	1.75166874582444	0.089784881074146	0.289978952222728	0.545246069800578	0.075702528689421	0.289165272349961	0.316014491039914	0.566797870390625	0.091736678116815
28	0.098757846114954	1.0873643118032	0.332027930744496	0.094779534307368	0.232472230360693	0.277725618501451	0.205723654552482	0.018218403107832	0.638576400026011	0.048286987888251	0.09067043869564	0.92929199201269	0.632802185477737	0.336606094525273	0.577512784299514	0.257146531197052	3.63446803505006	0.215168583246083	0.26742292340526	0.037323798049349	1.63278830339797	0.536726503301378	0.822800366194652	0.514190773385277	0.42263407349173	0.011476096154591	0.380943996037032	0.203359317177028	0.418101209129148	4.29494012805123	1.0594291834926	2.99583099225453	0.102201332533531	0.132952331129979	2.64135135470833	0.672770154405259	0.164469766656852	1.2725212998595	0.632497510358589	0.137004437151076	0.296067499055653	1.26418620691167	0.717726173784642	0.185813098984343	0.086519696844603	0.192424622133442	0.507769946174062	0.197973800862296	0.122733659148181	0.162833142515623	0.017538181199134	0.153665124781631	0.445357576802606	0.160290530010499	0.460296886541762	0.437341771689471	0.274020564474589	2.39617994390179	0.770442275755094	0.160088874535955	0.1867073971758	1.29159600809837	1.04202763118383	0.128908992738211	0.116658422659646	0.486768551390363	1.04709385966386	0.944530131784775	0.041369328348449	1.05131839572841	0.107835995648333	0.218425026905662	0.011316817555132	0.103616574034227	0.28171123666681	0.070888475024312	1.07364443317642	0.136750906536341	0.317569379346826	0.140183433418258	1.34695555031121	1.05434541975391	0.089687002939348	0.302313704316085	0.963460904775509	1.04054151801273	1.07807208598706	0.110947042788223	0.563859393528467	0.750274536393334	0.597711210363922	0.868215224842201	0.995803228094991	0.03711775876014	0.454657839612295	0.635838707768339	0.230582075604729	1.92601728245868	0.165689928405	0.453957159901832	0.19852908405307	0.793802893463805	0.150560653363738	0.575498421461403	0.218625221108652	1.26209293540961	0.621274944818733	0.621042602641541	0.430288213895085	2.14223067486635	0.430479640468747	3.56804739780415	0.63319599816172	0.848150505125044	0.450000036531789	1.7646300681464	0.930713078599605	2.06430252412742	0.710200625278098	2.48656689591582	0.26516160567441	0.009903767961767	0.243071563582483	1.09991955700092	0.168667999833415	0.653066368762106	0.363066069201437	0.244755679049238	0.901834699500464	0.067613034834522	2.6722207163007	0.247127322782466	0.791791453168804	0.141706809014	0.176544984148857	0.139291327134132	1.10751816908519	0.790431009351407	0.921953486265143	0.480816792348198	0.82908310324395	1.77143009532605	0.343097793406889	0.224239426421689	0.582306485634605	0.199279446996393	0.198890018127074	0.294492978955498	0.59329086391105	0.085189939729855
29	0.195022866973865	1.71887541173521	0.452842161685499	0.21920220629555	0.294654574691577	0.352538709593755	0.491368473834822	0.017442875792131	0.655939793721741	0.038773569409263	0.067580769264021	0.787798805211422	0.951782240704078	0.283400046684937	0.567543594221442	0.373893610215356	4.54379306469322	0.329317276020368	0.29727584746129	0.065498102343757	2.25071972611503	0.832857550424055	0.754925693141637	0.759203416645773	0.279143936577648	0.046465345079494	0.744132827291668	0.327912405225255	0.409349090940528	4.58650545954404	0.883602348079434	2.19911644433686	0.120287198817315	0.249313990784048	1.71727861397609	0.815591904486076	0.094894051128652	1.15673170858225	0.575115199405199	0.14984222220301	0.272932246323561	1.49544821862383	0.50890126135784	0.119695856279556	0.126795424876155	0.151036146244888	0.148685473203711	0.127649586319584	0.254347318641987	0.088024449074514	0.011116202266813	0.11261012025694	0.300392499286758	0.108024621981689	0.044261643136882	0.346187829063967	0.278664119167625	2.00212502917809	0.512903197918198	0.142442659658163	0.111647891829271	0.958180670706931	0.781386542634586	0.152245631932497	0.052862046010599	0.813166881359742	1.05050186307481	0.946370246133363	0.038758872299406	1.5321270176106	0.169597731457867	0.225192575365915	0.030215528793367	0.122100995080791	0.280161495301248	0.064927508666972	1.60271982985934	0.319546291573369	0.225086237453423	0.118375710000086	1.36690037953125	0.905955787635408	0.085072923600965	0.261850625491705	2.73318434498439	0.518744866818249	1.66877728691352	0.123212788214647	0.459614935721758	0.663136190336218	1.12263527825087	0.978639047627281	0.914416135697551	0.032225574700222	2.03078958061365	0.479604734198445	0.176848593832401	1.58377439071834	0.176004806819459	0.431453544164815	0.365846510300945	0.692656632286957	0.124172423034694	0.244204583769204	0.269859685827663	1.09194857740622	0.74383283334342	0.460590132187535	0.292635883425983	2.40250801857023	0.428068886218434	2.82238024016806	0.704291556078119	0.799266009043045	0.530665951983677	1.44647053229474	0.770535752881066	1.05115112951612	0.803433936491195	2.46973173451832	0.301957309218546	0.01819329293069	0.162826686493356	0.767914480111352	0.150852864639618	0.474426164313688	0.108762935618013	0.05485134305648	0.79331973130225	0.047446593296389	2.66508485419602	0.208398966015095	0.736032990688949	0.09293760644598	0.357990472814669	0.076563296994009	0.977828112977548	0.631763912543551	0.632461592993801	0.399516724446481	0.901219860118096	1.28120499010106	0.121781116807442	0.313190223828338	0.544012656805194	0.219297305241681	0.163027258816105	0.266210479903864	0.645276608252859	0.072744642038921
30	0.115376898984608	1.68860274858168	0.405485460158941	0.209387086347373	0.355270344074276	0.20234008404017	0.72552636565276	0.012909751557641	0.600505467069406	0.043410537344375	0.063804768220778	0.445234565699573	0.39217724227867	0.377531515063699	0.889753006609525	0.317878598736054	3.32130039345066	0.235187084118191	0.47516969649684	0.026870005238578	2.41010265384144	2.01622008716103	1.00302611486976	0.567396538080005	0.373137239603651	0.140967910921878	0.526050780771074	0.303804099466111	0.227504764877005	5.27354295076851	1.05391555857734	2.2295333207013	0.210763606371003	0.200659837938452	1.37874641937605	1.03347395757866	0.337002195744491	1.31803185501399	0.337381156722656	0.096191999464996	0.173695092455333	2.80347250861021	0.891723046400428	0.141319007122237	0.203050635874229	0.613005606393295	0.475147404674595	0.383611609581025	0.239748548245076	0.775175826747957	0.022776669378838	0.105473756952262	0.231745784059118	0.127188778296682	0.089512812224835	0.545163231868389	0.285449570325126	0.921842084731216	0.78439906820183	0.101291253803542	0.428632731082602	0.951891461117489	0.735237240718243	0.133998929992532	0.057303915558577	0.613376207938118	0.876684425818388	0.603963485995163	0.047489940815212	1.38753775677393	0.141057078210858	0.312007490052274	0.051452312219262	0.111865936981019	0.221533342993123	0.05228546907567	1.98455734013977	0.25752349000769	0.287623022994015	0.072264514762759	0.757732475841238	2.66452758055707	0.161813551198743	0.181500016718867	1.47402166765122	1.03665611520414	1.05140215561921	0.352951994560796	0.434902306089011	0.475654543630669	0.89911835843021	0.727878152899609	0.823454340775086	0.042148262909752	0.577809605546205	0.247497742952998	0.243674695437979	1.01642628651679	0.135648524838663	0.205898416166029	0.248431213009508	0.84504954357494	0.171078589819325	0.39738516925066	0.138649561408397	1.78210579698837	0.566245722756607	1.78332906073407	0.234841560873394	2.10979279751223	0.439823225849597	2.97604743699774	0.557766470870161	0.606170376397419	0.54196156889845	0.814576622566012	0.302709013698325	0.848265138933782	0.956274590666414	3.08460861133093	0.399892999253224	0.009526967531961	0.123867296782175	0.92564284042399	0.090585606170376	0.425222082279116	0.208606872568798	0.058307047559603	0.389661052842764	0.092993122972837	1.95607675074399	0.157377478571986	1.08568697823204	0.208774061235636	0.635450684916238	0.175578751435036	0.926882823036369	0.724099689029079	0.607206946131812	0.381622064445658	0.577553249590388	1.02668888418284	0.081223040827473	0.261973495023351	0.476640956765011	0.39368751323577	0.275281712903621	0.268084240796264	0.490815769235056	0.102313891149032
31	0.071592080228318	0.66133859204059	0.372859521166957	0.055558308228952	0.103902410020612	0.630529570318693	0.110378349452989	0.009974036784525	0.168245600126843	0.029406809893769	0.029634731250991	0.780972530521643	0.302753884572697	0.404714008244807	0.187673418423973	0.179790312351356	1.81934259552878	0.108733351831299	0.121744688441414	0.057669058189314	1.07135424924687	0.613232321230379	1.05163905184715	0.289564174726494	0.299374702711273	0.011381203424766	0.180147058823529	0.206026042492469	0.235467536071032	4.22423497700967	0.415624504518789	0.878185944188996	0.086852901537974	0.131679086729031	0.71426589503726	0.715360908514349	0.008289400665927	0.763660416996988	0.303066037735849	0.063476097986364	0.176316989059775	1.04273525447915	0.42023743459648	0.056901062311717	0.27495243380371	1.39704395909307	0.130955684160457	0.46910179166006	0.059472609798637	2.52386732995085	5.21210559695576	0.06611205803076	0.219954019343586	0.076799587759632	0.049662081813858	0.245847867448866	0.144556643412082	1.36143372443317	0.329688243221817	0.042378508006976	0.490025963215475	0.423804899318218	0.467868043443793	0.1334628190899	0.099661090851435	0.264884255589028	0.590370818138576	0.850597550340891	0.010598343110829	1.21159029649596	0.017832368796575	0.308927580466149	0.016281512605042	0.09650487553512	0.113024219121611	0.079529689234184	1.21038132234026	0.161764705882353	0.11887089741557	0.064932812747741	0.402043364515618	0.615566037735849	0.163969597272871	0.335277271285873	0.900170445536705	0.530823886158237	0.707145830030125	0.243375416204218	0.747373949579832	0.344780600919613	0.294370342476613	0.559527112731885	0.511539757412399	1.39270354368162	0.26365050737276	0.271583161566513	4.93348660218805	1.15118618201998	0.123548240050737	1.55786229586174	0.099259751070239	0.663107459965118	0.17928987632789	0.179631758363723	0.405318495322657	1.35916937529729	1.32401993816395	0.466807713651498	0.340549191374663	0.671396860631045	2.7818346678294	1.27106290629459	0.431910971935944	0.364971460282226	0.179765538290788	0.909416124940542	0.169305929919137	1.10770275091169	0.522138100523228	2.75695160139528	0.17576205010306	0.018342714444268	0.093363524655145	1.48977326779769	0.166580783256699	0.174627398129063	0.239243102901538	0.040242983986047	0.274793879816077	4.17740704772475	1.44850463770414	0.10135563659426	0.303115585856984	0.164306524496591	0.108782899952434	0.08253230537498	1.18879816077374	0.770161130489932	0.424359838274933	0.40418384334866	0.600607459965118	0.480255073727604	0.991309259552878	0.175980061836055	0.54859679720945	1.89779213572221	0.253131441255748	0.394804384017758	0.207502576502299	0.125995917234818
32	0.056128181329686	0.902722143520102	0.393135411069317	0.149559132431244	0.172469591128914	0.250818230667774	0.117043622685751	0.021237360168043	0.333239704948464	0.047316936153583	0.033742855747155	0.683179864198134	0.821289873479556	0.360766450100142	0.418524986566362	0.533785599140247	2.64521151873382	0.103909188608275	0.150432318890137	0.046871183625617	1.63966098383079	0.660165600117239	1.96565263055053	0.500806018269747	0.470195642616384	0.032833032094182	0.472100776708514	0.257620536368521	0.482511846026086	5.93393703287578	0.697309608714767	0.877088320062527	0.070599872991061	0.26838576522886	0.883878413365248	1.32905085242538	0.056671633041864	1.04271896829662	0.64855160959406	0.169648527184798	0.247929998534512	1.20089394753554	0.704105808216502	0.055328269258952	0.107377509647794	1.98802574373504	0.143758243368668	1.17143764349568	0.1622233891847	3.27344169801182	0.08666528259489	0.122136192662791	0.545393483464413	0.221850422548972	0.13635142396561	0.313443407747545	0.128071418103659	1.74526158956573	0.28812710663866	0.100593522544087	0.539855160959406	0.415917639587709	0.787473743344243	0.088423867910703	0.103402374090176	0.450478726002638	0.939603585560061	1.16105099897416	0.019020809926237	2.58796590298471	0.074642176737824	0.408297103219188	0.013964877143276	0.088881832836696	0.616652825948903	0.048019149040106	1.29163206487226	0.203360851936886	0.288017195056421	0.073170582775634	1.13799399150017	0.616732206536075	0.169025694885448	0.349225733965121	1.04576596160422	1.17570587660593	1.37395583996874	0.187869425040301	0.627869913536222	0.805468711836256	0.52419276049045	1.29974109716184	1.03152019930634	0.040551267646915	1.11441185091104	0.631930535880025	0.254811684822432	1.53276586390504	0.132846465732011	0.341617409994627	0.308411899760637	0.814536417370915	0.222729715206878	0.204203507400713	0.136675052513312	1.85743246543891	1.09796175076938	0.762358946802794	0.220635288945337	1.14825851204142	0.508731864588931	1.42877118851058	0.580412534805334	0.698457574129256	0.463869620438669	1.49734380342924	0.339028381613014	1.13226027062674	0.673971716086171	3.45231669190562	0.196931024375946	0.013390894436032	0.119467783694006	1.87587929265791	0.16588100239363	0.397244883005227	0.38914195691466	0.061464999267256	0.326693859606272	0.074171999413805	1.81208172536759	0.187521371696546	0.688278540374188	0.158138342044844	0.152679400127009	0.116127692833765	1.28601436178008	0.819427482780519	0.580925455522446	0.598309804113136	0.55183552342338	1.71597625909824	0.145767182844023	0.214352010160715	0.451773240193444	0.857847686971814	0.375048849592106	0.4113929461189	0.445715890772312	0.066917834986078
33	0.046773856755064	0.216716880947409	0.093965337231155	0.014258867046505	0.030755004027086	0.222891745965457	2.43752050830773	0	0.370372580019688	0.017182233093697	0	0.174387733794708	0.1219162962742	0.165319332995257	0.193449273633028	0.056259881275542	2.83184679175491	0.046594875160338	0.121677654147898	0.003997255615548	2.29009933478507	0.040598991737016	1.15708617963786	0.283298034185485	0.130925036542076	0.07189094054828	0.182561226620529	0.136891089699609	1.58219729737792	5.78331294931838	0.396653044178624	2.50022372699341	0.0133042985413	0.060913402738418	1.95656713301316	0.799361632312144	0.030277719774483	0.4167884735853	0.263550398234048	0.082480684902903	0.180860901470632	0.910419711839633	0.093965337231155	0.045431494794619	0.048086388449721	1.31512692778093	0.15338722668019	0.648927601944933	0.179548369775975	2.29451421412165	0.042179995823763	0.056110729946604	0.073710586761328	0.134474838170808	0.05628971154133	0.820302478895087	0.149509292127793	0.672553172448766	0.078393938489992	0.056945977388659	2.17713211824717	0.300032813292366	1.18086090147063	0.033559049011127	0.073829907824479	0.194135369746144	1.63869582077976	0.858873012558542	0.04695283834979	1.175610774692	0.027801807714107	0.465978581869164	0	0.048951466157564	0.259284670226412	0.035915640008353	0.421710467440265	0.208722369716314	0.051009754496913	0.103421531485846	2.97828356650658	0.848014795811831	0.054320913999344	0.16681084628464	1.71201861408585	0.297646392029353	0.844375503385735	0.017510366017361	0.363839751812189	0.664976284938699	0.189183545625392	0.574411598007338	0.104614742117352	0.233630641649017	0.340959937953047	0.10553948035677	0.433940876413209	1.71556841571458	0.032723801569072	0.34412194612654	0.570981117441757	1.58759657548549	0.064642185961877	0.59562091698237	0.026906899740477	2.34919309131044	0.570474002923366	0.361721802941264	1.68123377979298	0.240103809324941	1.07734987918742	1.21075082778988	0.174984339110461	0.660889538525788	0.231393371714942	1.99877695910271	0.191868269546282	2.47764221579214	0.102258151120126	9.62574948542792	0.160278018077141	0	0.129433523252692	1.08215255197924	0.130835545744713	0.253258956537303	1.60644930346329	0.039763744294962	1.14655609581481	0.021955075619724	1.97899949288548	0.086597261581601	0.561286281060764	0.139874116278376	0.056259881275542	0.203442412671897	0.596098201234973	1.81988485517406	0.205888494466486	0.722936491364138	2.99442174029771	0.107120484443516	0.091012140918176	0.021925245353936	0.571726874086448	0.456015273096083	0.45285326492259	0.070339766727322	0.348805297855204	0.538585448796349
34	0.040274165317106	0.717617357260092	0.2349217254748	0.068852137213525	0.236672064909784	0.413559950488841	0.859885600868081	0.003893278369403	0.332619020355193	0.021031337073934	0.039946999067576	0.971940041332003	0.6887885579057	0.267720141990152	0.286052357505466	0.279634446243859	1.98854918126646	0.351414721390675	0.127725703816394	0.0517795117589	1.24141597552796	0.794168806879216	1.26156941649899	0.239403903093357	0.239616561155551	0.04880229888818	0.418603763502424	0.42820609292612	0.53378809442018	3.9071556711543	0.587367020551493	1.14495645962496	0.042717006646928	0.543090521448474	1.00432950003544	0.921343780842235	0.006603305469674	1.15714885519077	0.185912221295251	0.153920814862072	0.114802636959971	0.590949490983844	0.239600202843075	0.053240854340133	0.209828074135872	1.14224097975386	0.244409546711161	0.773666388575355	0.069648241754047	2.62525287224703	0.995201561673564	0.09721745104775	0.220837218432547	0.234801764516639	0.397261618491436	0.500335345405768	0.149934839388635	1.40215275392191	0.574803836569553	0.069282906108739	0.673635307781649	0.449504615770504	1.64597885415474	0.098269835817071	0.266880415283026	0.217838194478524	1.22878190552529	1.18839323202085	0.022290927134624	0.953804125566406	0.020856848407518	0.401967359713839	0.025202706755438	0.059118941290017	0.113428538711946	0.128979841106258	0.904881865720066	0.101601478791448	0.067985146652271	0.189227505957152	2.18235701471703	2.07699312405599	0.04527980893491	0.222903818575409	0.598174412327624	0.800014177204146	0.461566144836499	0.122234763595121	0.466064680767532	0.816034417889451	0.271449837234791	0.579667708145894	0.335814344058933	0.568751260953254	1.27186970058835	0.575011041860922	0.749532424901714	1.0412556640657	0.078612596991161	0.384583926322161	0.318250969230014	1.05528019062887	0.072701793416325	0.645030072031103	0.15158702894876	1.17499577410261	0.418745535543887	0.409623049952834	0.981716859422115	0.252283347783176	2.60135883048971	1.60598823292056	0.379147513809142	0.439613289493056	0.252686852824263	0.78501360466321	0.32927101906834	1.52767008555397	0.284263848674704	2.55884902913415	0.173550789833854	0.005839917554105	0.371944403548663	1.64339969355428	0.133947315328284	0.182182526050613	0.300578538984585	0.051708625738169	0.467934981160677	0.179816023512348	1.7350498655892	0.099000507107687	0.311800341343454	0.293484484140616	0.220450071703936	0.288887798334724	1.32964180748447	1.14046337646475	0.521410304646306	0.43779206403734	1.20416264524818	0.341812391966978	0.161352941497222	0.146832212788929	0.465448517664251	1.41234943536558	0.280572322825844	0.130615672353907	0.255211485716467	0.21354686383886
35	0.035189469569719	0.639416220327703	0.389619581867546	0.062957563464647	0.542642537952017	1.01118752575033	0.589040661743733	0.006132538902798	0.41988083541977	0.041163544934977	0.076321321797188	1.27579522285256	0.355143198216757	0.375637815738599	0.445805470161316	0.387659916119967	2.85274511668198	0.214480398060406	0.138961958186755	0.040809643034471	1.98914524767851	0.512138306975565	1.63408656334844	0.53058874486314	0.419025132317054	0.032046609408509	0.215716413653218	0.127520890776366	0.392825827443772	4.58433429467879	0.646848160238329	2.19334136215257	0.091887723301535	0.093900210228293	1.25524778415153	1.11546709768749	0.022734235519074	1.56317413029929	0.505778637002292	0.072597428664998	0.181387929304134	1.08423393443835	0.437591776798825	0.103080531169778	0.080298756589442	1.57703968983404	0.173110850526627	0.457859263250193	0.167390316821433	2.20500427851551	0.031940967050149	0.100006338541502	0.363129760508774	0.289607961208126	0.061890575645211	0.455392514182487	0.226787732809347	3.15375188835716	0.256394003739739	0.074726122185952	0.665446497427608	0.331141254397363	1.24241223761079	0.042705923367033	0.176877000602161	0.390676005451146	0.510907573500671	1.0740077541491	0.019612503829536	1.69720259035063	0.043767629068551	0.378094000570469	0.017911661859939	0.10801402930519	0.466511372399877	0.172698845329023	1.31970546910489	0.1905629681277	0.181815780855492	0.153070495145734	1.65165488754371	1.03809463442462	0.155077699954574	0.382736982220391	1.08018783211316	1.17529764734468	1.38355042837976	0.127911767502298	0.641661120442853	0.878226053518418	0.553919859706948	1.07514869161939	0.736665293316008	0.062751560865845	0.898414308201016	0.734061209182434	0.294124172028016	1.02671167031133	0.091982801424059	0.313166207122408	0.231673691883498	1.22786528486462	0.167010004331337	0.382494004796163	0.084482193980499	1.45928015297013	0.867593150149484	1.00308475686411	0.429367519200499	0.374243336608246	0.570859611869975	1.5415227289534	0.47553851192174	0.73975005018012	0.296073273539758	1.22968761554633	0.448245808639432	1.84107691820112	0.645279371216683	2.8476742834807	0.185053719139226	0.013612017874687	0.082607042119608	1.3632829419284	0.161828246653778	0.613692306067041	0.298101606820271	0.036267021624991	0.625783073981344	0.088697324079063	2.10345027942404	0.289317444722636	0.585512206974508	0.103978491215838	0.081656260894368	0.181065720111136	2.42004986319314	0.661009518376488	0.84710381474556	0.341018814904024	1.11085052662716	0.796664870746574	0.244329646415027	0.193214591322537	0.383687763445631	0.554474482088338	0.388663518524387	0.292750821369336	0.589341742465059	0.094872119925205
36	0.076286253379758	1.27147775681301	0.171736466377483	0.058020969091015	0.385201034838258	1.30182652842887	0.210472874399424	0.004158804878523	0.639510591530666	0.047590888754887	0.087965142290261	1.21952965434068	0.472598183197495	0.307444221828863	0.147581162831411	0.260265712229376	1.89918107724328	0.141998482755938	0.360680036569472	0.027971755918225	2.38583516504892	0.571292964266957	1.52849112023187	0.238969830185376	0.44557178704118	0.154116983407575	1.28202843860025	0.192666653698769	0.140061078799432	3.30895368515241	1.24170865023634	1.28489953121049	0.178155575871929	0.71713124161139	1.18024470423467	0.757622206228481	0	1.18610360053687	0.321562372347254	0.152296290532786	0.197346768075629	0.889147814584995	0.323188546752514	0.117991013246708	0.070614094808302	2.02904549787002	0.427893948530413	0.431885467525142	0.580163006477465	1.14490847906009	0.027026396156315	0.10559629636834	0.771705343422358	0.273959812484195	0.374448053842712	0.466431947713435	0.129981131708456	2.6451088330837	0.394518469528682	0.111330700850046	1.20186737730748	0.360485518099944	2.21288101305219	0.040607675698808	0.190421910560408	1.12623081561594	0.599463129024101	0.983493162675796	0.024139742068509	1.21823416133362	0.071703398237663	0.228831527553541	0.011562177828785	0.119994553482853	0.245797428465833	0.169063782606158	0.674247699819098	0.12220817366609	0.127086696881869	0.123643719971211	0.857954832811375	1.05785368320722	0.095457993736505	0.20624015250248	1.71021805520434	0.593740395650567	1.09357894532086	0.115785173802253	1.29412359703554	0.408154214242642	0.700040848878601	0.613814701705927	0.783205275340893	0.016304538115894	3.24389892820323	0.382481666634247	0.200626349471882	0.799634305277286	0.079534711820887	0.749479663094011	0.200143943667451	0.994355074014278	0.200163395514404	0.51664883580696	0.064194985313856	1.66870781380692	1.15788675134704	0.778809157929546	0.503098679219592	0.694010776323212	0.470384563014258	1.24834173004727	0.499126612071816	0.379591122177051	0.193631465307631	1.58310023536735	0.289719698885409	1.13216751930596	0.565963158201871	2.84643933941528	0.442062673850882	0.005598241553035	0.212460853158007	1.83483825789259	0.137139411387111	0.204843509891264	0.141255422202338	0.032274504464199	0.58677663444144	0.089342333054524	2.26844326868836	0.173584391838005	0.355552529712696	0.196720418603746	0.277208270925324	0.121469003481881	3.63697407068801	0.551837226944698	0.519403217335486	0.55320274660079	0.775296154369857	0.709171545838277	0.103588865762804	0.187675309770663	0.35869983854967	0.347394425100663	0.257709739539769	0.347814584994845	0.301130152307962	0.120850434748779
37	0	1.05300868264626	0.261408689244846	0.130041736089345	0.516427742676938	1.1067872009326	0.21034109217682	0.001385704152164	0.701677691812798	0.07652716145103	0.034076224726021	1.525390829058	0.476671230692247	0.227057523218793	0.24076059761241	0.463155116382652	2.52412609907785	0.296590177996998	0.128996959149222	0.037001600158366	1.73584189775483	0.392902115398363	1.67989684202423	0.304431503873923	0.554281660865405	0.066970201861903	0.385731646293516	0.181246803807387	0.196181615225149	2.91733064990624	1.49556519683048	1.4585086084121	0.070445459894313	0.235525715259792	1.28171585366524	0.910523103317442	0.024942674738943	1.61134297827414	0.298916181395272	0.067992983498023	0.186586163854017	1.75867852213552	0.418884068251428	0.070203511550284	0.146175291575249	1.56656603815085	0.313251620778964	0.759173416475582	0.062664621103395	1.56881505798512	0.134314323891849	0.071380260314423	0.420726174961646	0.285751991949719	0.028071506733313	0.339810950362098	0.248348977493305	1.81969899426472	0.33093584519705	0.272054416382102	0.92669515058535	0.151399176275865	1.75986626855166	0.116894043121793	0.260776324254772	0.79051122585328	0.684114441566726	0.719356417404884	0.013972516867649	1.31994369202175	0.079188593235344	0.168626998135898	0.007775339964917	0.120028373942163	0.213035516917138	0.438261931077715	1.27070720401194	0.138278977438317	0.269970361327857	0.155924710074399	1.3508635906234	0.804269288506904	0.066398323957835	0.554485117427429	1.83631094761268	0.656246391395437	0.865377741852115	0.058864932336946	1.41275837608671	0.706324199783346	0.876672330457447	1.02217126643462	0.623027983525517	0.218523345265786	1.07653815910303	0.820012427346761	1.44790687188285	0.74143970262349	0.069554650082208	0.940579686236988	0.126291536756902	0.949674744442062	0.148369323149508	0.217335598849646	0.164816311717448	1.74941300032443	0.704987985065189	1.00349725333641	0.236191073205871	0.612041329176221	0.491749011586026	1.50018970949702	0.748142771518281	0.749242536718411	0.197154907427264	1.36982904149964	0.324100804478244	1.17863486145708	0.630605365754411	3.2686451442617	0.41144415667255	0.001924589100227	0.032740010007863	1.04862061949774	0.142051172074762	0.364555667365017	0.343616137954547	0.024348801530873	0.359755192266451	0.373243812446043	2.34801519875507	0.151652122271895	0.423739531610001	0.166158025261607	0.371748131773866	0.065012619805672	3.11306686022534	0.599696464804764	0.233617622637567	0.40262403976751	0.669971461093057	0.819655003656719	0.193333223356813	0.22389569826842	0.632953364456689	0.485727797115316	0.525198370147973	0.166795889077682	0.355840028153989	0.401799215867412
38	0.005430311008721	1.01216677636992	0.204449152542373	0.090443475399046	0.22754854368932	0.56913361856179	0.583131067961165	0.008731693269705	0.57345318413691	0.051299983544512	0.231672700345565	0.859027892051999	0.739303932861609	0.251367862432121	0.592757528385717	0.263575777521804	1.56771433272997	0.173821375678789	0.118037271680105	0.065863090340629	1.83137238769129	0.715392051999342	1.32580837584334	0.281049448741155	0.643697548132302	0.035831824913609	0.468837419779497	0.296918709889748	0.160842109593549	5.88530524930064	0.966297103834128	1.12074214250453	0.101777192693763	0.129144726016126	2.37456804344249	1.03035009050518	0.001594125390818	1.20288588119138	0.560227085733092	0.156296281059733	0.150248889254566	0.788834951456311	0.874228649004443	0.076559157479019	0.07846182326806	2.05240044429817	0.051443969063683	0.901565328286984	0.155329521145302	2.34459848609511	0.057121112390982	0.086237041303275	0.182553068948494	0.321992759585322	0.024312983379957	0.400074049695573	0.241237452690472	2.26182738193187	0.329901678459766	0.138421507322692	1.22180969228238	0.398479924304756	1.40404393615271	0.061769787724206	0.071190554549942	0.687592562119467	0.854903735395754	1.81700468981405	0.015396165871318	1.31257199275959	0.016208655586638	0.331886621688333	0	0.077752180352148	0.247346552575284	0.097889583676156	1.08950756952444	0.071807635346388	0.191665295376008	0.091780483791344	0.412374526904723	0.749064094125391	0.179169409247984	0.234408425209807	1.53064834622347	0.778653118314958	1.2963016290933	0.120618726345236	0.839209313806154	0.509400197465855	0.545077752180352	0.558602106302452	0.508711123909824	0.038238440019747	0.231497860786572	0.391074954747408	0.352692529208491	1.38296034227415	0.179189978607866	0.302678130656574	0.226787477373704	1.02713098568373	0.160564423235149	0.535646700674675	0.170777110416324	1.86188703307553	1.08579480006582	1.60463633371729	0.36471532005924	0.641794882343261	0.623734984367286	1.0233153694257	0.413135593220339	0.250802205035379	0.344372223136416	0.86201044923482	0.301875925621195	1.13838036860293	0.326250617080796	5.9646001316439	0.233205117656738	0.007939772914267	0.160759832154023	1.56836226756623	0.29126213592233	0.329788546980418	0.246143245022215	0.047607783445779	0.733431380615435	0.066140776699029	2.41655010696067	0.140499012670726	0.766332071745927	0.058005594865888	0.206783774888925	0.167712275793977	1.7023613625144	1.09965854862597	0.771793236794471	0.722426773078822	1.11589805825243	0.594845318413691	0.096336597005101	0.22483338818496	0.283425209807471	0.62081413526411	0.360107783445779	0.423718528879381	0.417660852394273	0.111866463715649
39	0	0.222140307310259	0.181670029489368	0.010282477106938	0.05800869160329	0.440982461586218	0.340912618345491	0	0.311694862641627	0.022660251435667	0.006053080862952	1.18213565109421	0.613495266180351	0.37851156293652	0.085790780692224	0.04780381809716	2.13914325624709	0.055176160173832	0.036202079776502	0.038142169796679	0.908233742045631	0.447345956852398	1.37230327487195	0.392751823684619	0.284727611361167	0.007294738475865	0.099060996430234	0.093163122768897	0.252793729629055	10.7162036318485	0.219152568679187	2.99045475710073	0.016025143566662	0.218376532671116	1.519711314605	0.502987738631073	0	1.82438305137358	0.121061617259041	0.140152103057582	0.27642402607481	0.687684308551917	0.249767189197579	0.187296290547881	0.229085829582493	1.47796057737079	0.086411609498681	1.18900356976564	0.253996585441565	3.92317243520099	0.00570386465932	0.073296600962285	0.217173676858606	0.203049821511718	0.099293807232656	0.531119043923638	0.087924879714419	1.52487195405867	0.116677013813441	0.055214961974236	1.30719385379482	0.437878317553934	0.508419990687568	0.067941952506596	0.152180661182679	0.226486108955456	1.48273319882043	0.566971907496508	0	2.07706037560143	0.171465155983238	0.46721247865901	0	0.076129132391743	0.183804128511563	0.09002017693621	0.864348905789229	0.055525376377464	0.341494645351544	0.124437373894149	0.2620673599255	0.87346732888406	0.274289927052615	0.221519478503803	1.10437684308552	1.42631538103368	0.664985255315847	0.147136427130219	0.790276268818873	0.306573024988359	0.077293186403849	0.630878472761136	0.45537792953593	0.060569610429924	0.215544001241658	0.725826478348595	0.442495731801956	2.52910135030265	0.060647214030731	0.575391898184076	0.810569610429924	1.47908582958249	0.346771690206426	0.727727766568369	0.076827564799007	1.82480987117802	0.322520564954214	0.7839903771535	1.01389104454447	0.438576749961198	0.809056340214186	0.616909824615862	0.185006984324073	0.418787831755394	0.179419525065963	0.661648300481142	0.045824926276579	2.29481607946609	0.111632779760981	7.10565730249884	0.15361632779761	0	0.068601583113457	1.28488281856278	0.241929225516064	0.401055408970976	0.279372962905479	0	0.791323917429769	0.240803973304361	2.07632314139376	0.186830668943039	0.374282166692535	0.08245382585752	0.023591494645352	0.141354958870092	1.12467018469657	1.85616172590408	0.980870712401055	1.14620518392053	1.85472605928915	0.343667546174142	0.045475710072947	0.191292875989446	0.713060686015831	0.853600807077448	0.505859071860934	0.165334471519479	0.285775259972063	0.323762222567127
