	Unnamed: 0	0	1	2	3	4	5	6	7	8	9	10	11	12	13	14	15	16	17	18	19	20	21	22	23	24	25	26	27	28	29	30	31	32	33	34	35	36	37	38	39	40	41	42	43	44	45	46	47	48	49	50	51	52	53	54	55	56	57	58	59	60	61	62	63	64	65	66	67	68	69	70	71	72	73	74	75	76	77	78	79	80	81	82	83	84	85	86	87	88	89	90	91	92	93	94	95	96	97	98	99	100	101	102	103	104	105	106	107	108	109	110	111	112	113	114	115	116	117	118	119	120	121	122	123	124	125	126	127	128	129	130	131	132	133	134	135	136	137	138	139	140	141	142	143	144	145	146	147	148	149
0	2	0.009	0.007	0.035	1.821	2.015	0.011	0.019	0.0	0.746	1.096	1.625	0.006	0.148	0.014	0.117	0.017	0.0	4.202	0.001	0.406	0.124	4.082	0.0	0.025	0.247	0.129	0.083	0.388	0.111	0.0	0.111	0.0	0.182	0.961	0.0	0.0	0.0	0.07	0.425	0.015	0.054	0.004	0.223	0.0	0.05	0.03	0.147	0.174	1.268	0.015	3.758	4.738	0.007	0.541	0.032	0.0	1.19	0.029	0.014	0.483	0.004	0.009	0.0	2.752	0.019	0.065	0.042	0.026	3.424	0.127	0.092	0.068	0.0	0.078	0.54	0.0	0.073	0.009	0.012	0.003	0.269	0.039	0.189	0.237	0.195	0.487	0.246	0.839	0.094	0.146	0.161	0.019	0.0	0.089	0.317	0.19	0.083	0.0	0.045	0.252	0.009	0.006	0.042	0.008	0.247	0.048	0.035	0.104	0.007	0.0	0.083	0.051	0.607	0.111	0.019	0.105	1.762	0.026	0.138	0.0	0.051	6.677	0.088	0.0	0.047	1.534	0.013	0.208	0.075	0.791	0.677	0.032	0.219	0.013	3.595	0.0	0.055	0.0	0.01	0.023	0.007	0.328	1.467	0.121	0.134	0.007	0.36	0.527	0.009	0.007
1	3	0.002	0.12	0.01	0.688	1.071	0.005	0.006	0.0	0.495	0.933	0.688	0.02	0.033	0.014	0.105	0.014	0.005	1.253	0.0	0.231	0.132	0.718	0.01	0.053	0.136	0.035	0.018	0.098	0.018	0.0	0.087	0.0	0.003	0.545	0.007	0.0	0.0	0.044	0.029	0.036	0.043	0.006	0.093	0.0	0.022	0.0	0.131	0.099	0.822	0.004	3.499	2.787	0.032	0.229	0.069	0.0	0.629	0.065	0.008	0.096	0.006	0.055	0.0	1.088	0.03	0.0	0.003	0.0	1.897	0.004	0.014	0.025	0.0	0.019	0.164	0.0	0.082	0.01	0.027	0.018	0.072	0.004	0.01	0.02	0.18	0.122	0.091	0.276	0.009	0.144	0.092	0.016	0.0	0.03	0.475	0.058	0.071	0.0	0.051	0.156	0.032	0.0	0.009	0.0	0.194	0.009	0.042	0.015	0.01	0.019	0.01	0.111	0.103	0.208	0.006	0.062	1.1	0.001	0.061	0.002	0.016	4.158	0.052	0.008	0.018	1.493	0.004	0.161	0.0	0.619	0.008	0.072	0.081	0.0	1.514	0.0	0.023	0.013	0.0	0.003	0.0	0.332	0.734	0.023	0.111	0.007	0.092	0.126	0.002	0.0
2	4	0.0	0.019	0.014	0.478	1.324	0.0	0.012	0.0	0.525	0.389	0.664	0.008	0.017	0.001	0.06	0.027	0.0	0.706	0.0	0.21	0.068	0.471	0.0	0.005	0.114	0.065	0.036	0.06	0.029	0.0	0.036	0.0	0.001	0.066	0.0	0.0	0.013	0.003	0.006	0.0	0.085	0.003	0.035	0.0	0.014	0.007	0.147	0.053	0.332	0.004	2.758	0.534	0.004	0.158	0.085	0.003	0.173	0.006	0.005	0.206	0.0	0.015	0.0	0.641	0.013	0.006	0.004	0.0	1.11	0.014	0.017	0.012	0.0	0.024	0.062	0.0	0.044	0.016	0.022	0.002	0.035	0.0	0.009	0.021	0.059	0.017	0.078	0.127	0.004	0.046	0.084	0.02	0.0	0.009	0.085	0.153	0.048	0.001	0.021	0.083	0.013	0.0	0.021	0.031	0.081	0.0	0.075	0.005	0.02	0.019	0.012	0.012	0.083	0.04	0.006	0.0	0.45	0.003	0.186	0.0	0.011	2.181	0.014	0.0	0.016	0.626	0.0	0.129	0.004	0.298	0.023	0.011	0.06	0.003	1.27	0.0	0.025	0.004	0.0	0.015	0.004	0.13	0.376	0.035	0.043	0.011	0.252	0.045	0.024	0.005
3	5	0.0	0.004	0.003	0.469	0.832	0.041	0.005	0.0	0.424	0.2	0.439	0.007	0.006	0.006	0.076	0.017	0.0	0.334	0.0	0.152	0.05	0.458	0.002	0.011	0.062	0.021	0.01	0.046	0.008	0.0	0.057	0.0	0.009	0.031	0.015	0.001	0.0	0.028	0.022	0.002	0.021	0.002	0.035	0.0	0.015	0.007	0.08	0.034	0.28	0.003	3.209	0.92	0.013	0.115	0.032	0.004	0.512	0.009	0.0	0.09	0.001	0.062	0.0	0.481	0.005	0.0	0.005	0.009	0.781	0.002	0.011	0.009	0.0	0.019	0.059	0.0	0.049	0.01	0.032	0.007	0.047	0.001	0.008	0.018	0.067	0.052	0.006	0.12	0.003	0.046	0.035	0.001	0.0	0.026	0.06	0.046	0.065	0.004	0.031	0.072	0.023	0.0	0.01	0.008	0.113	0.004	0.029	0.006	0.006	0.045	0.011	0.021	0.126	0.028	0.006	0.009	0.476	0.013	0.044	0.016	0.001	2.459	0.016	0.002	0.006	0.773	0.002	0.145	0.0	0.341	0.009	0.043	0.047	0.005	1.153	0.0	0.003	0.01	0.0	0.005	0.0	0.092	0.408	0.036	0.039	0.007	0.055	0.023	0.0	0.012
4	6	0.0	0.0	0.006	0.648	0.821	0.0	0.019	0.0	0.574	0.185	0.504	0.001	0.037	0.0	0.052	0.001	0.013	0.366	0.0	0.207	0.033	0.659	0.003	0.009	0.047	0.015	0.014	0.087	0.003	0.0	0.044	0.011	0.003	0.042	0.041	0.0	0.0	0.098	0.0	0.006	0.006	0.0	0.015	0.0	0.039	0.008	0.066	0.042	0.563	0.006	3.09	1.186	0.003	0.08	0.007	0.0	0.431	0.004	0.0	0.165	0.005	0.013	0.0	0.688	0.07	0.071	0.004	0.0	0.868	0.015	0.019	0.026	0.0	0.043	0.055	0.0	0.036	0.005	0.04	0.001	0.017	0.008	0.011	0.011	0.138	0.075	0.025	0.125	0.127	0.043	0.056	0.003	0.0	0.009	0.174	0.068	0.026	0.0	0.008	0.123	0.028	0.0	0.002	0.042	0.063	0.004	0.027	0.048	0.004	0.017	0.011	0.021	0.165	0.032	0.007	0.016	0.485	0.023	0.036	0.003	0.042	2.58	0.044	0.011	0.005	0.58	0.0	0.165	0.0	0.216	0.031	0.007	0.074	0.005	0.824	0.0	0.017	0.0	0.0	0.003	0.0	0.281	0.26	0.023	0.032	0.004	0.128	0.029	0.001	0.014
5	7	0.0	0.001	0.015	1.283	1.281	0.052	0.149	0.0	0.537	4.943	1.469	0.034	0.031	0.003	0.141	0.018	0.002	1.104	0.0	0.33	0.185	1.126	0.012	0.045	0.151	0.016	0.05	0.103	0.054	0.0	0.268	0.009	0.015	0.265	0.01	0.004	0.0	0.013	0.005	0.028	0.028	0.006	0.101	0.0	0.054	0.009	0.327	0.096	4.002	0.073	1.333	4.4	0.001	0.217	0.062	0.004	3.419	0.004	0.006	0.188	0.037	0.16	0.007	1.682	0.206	0.01	0.01	0.001	3.726	0.078	0.027	0.017	0.0	0.077	0.406	0.0	0.058	0.004	0.064	0.059	0.038	0.004	0.008	0.034	0.094	0.065	0.104	0.268	0.049	0.036	0.061	0.006	0.0	0.248	0.168	0.18	0.115	0.0	0.036	0.133	0.258	0.008	0.032	0.003	0.242	0.031	0.016	0.028	0.1	0.0	0.005	0.028	0.208	0.128	0.039	0.027	1.079	0.077	0.139	0.006	0.068	6.255	0.099	0.003	0.012	3.68	0.006	0.209	0.001	0.49	0.015	0.117	0.142	0.0	4.515	0.0	0.026	0.013	0.014	0.172	0.028	0.206	1.025	0.067	0.175	0.014	0.245	0.049	0.001	0.005
6	8	0.0	0.015	0.003	0.69	0.867	0.019	0.157	0.0	0.659	5.307	1.083	0.001	0.054	0.001	0.132	0.012	0.0	0.717	0.0	0.246	0.101	0.587	0.0	0.017	0.222	0.05	0.028	0.089	0.053	0.0	0.198	0.007	0.031	0.126	0.0	0.0	0.0	0.01	0.053	0.002	0.022	0.046	0.096	0.0	0.021	0.0	0.297	0.055	2.84	0.051	2.871	2.259	0.007	0.18	0.079	0.002	2.295	0.003	0.001	0.207	0.003	0.176	0.0	0.888	0.052	0.052	0.005	0.0	1.965	0.009	0.033	0.025	0.0	0.081	0.298	0.0	0.101	0.009	0.037	0.037	0.036	0.01	0.059	0.035	0.074	0.121	0.063	0.186	0.073	0.027	0.041	0.007	0.002	0.152	0.044	0.137	0.098	0.0	0.034	0.119	0.04	0.0	0.048	0.002	0.225	0.002	0.049	0.013	0.069	0.01	0.006	0.061	0.135	0.088	0.058	0.029	0.495	0.008	0.086	0.0	0.013	5.167	0.165	0.0	0.023	2.49	0.001	0.229	0.0	0.373	0.039	0.083	0.036	0.005	3.364	0.0	0.028	0.003	0.006	0.006	0.019	0.168	0.804	0.039	0.069	0.018	0.119	0.042	0.004	0.012
7	9	0.0	0.019	0.013	0.83	0.725	0.059	0.092	0.0	0.496	3.502	1.06	0.022	0.022	0.001	0.101	0.008	0.002	0.555	0.001	0.254	0.089	0.491	0.001	0.01	0.124	0.061	0.075	0.083	0.066	0.0	0.186	0.005	0.002	0.216	0.003	0.0	0.0	0.005	0.052	0.009	0.027	0.02	0.142	0.0	0.037	0.005	0.503	0.046	3.096	0.031	2.742	2.295	0.002	0.125	0.073	0.0	2.416	0.007	0.011	0.131	0.0	0.044	0.006	0.819	0.038	0.0	0.007	0.0	2.219	0.003	0.028	0.026	0.0	0.076	0.225	0.0	0.083	0.012	0.023	0.048	0.037	0.014	0.068	0.015	0.059	0.02	0.057	0.118	0.074	0.016	0.068	0.002	0.01	0.404	0.221	0.085	0.054	0.0	0.026	0.169	0.058	0.0	0.018	0.005	0.156	0.003	0.017	0.022	0.08	0.006	0.014	0.01	0.114	0.04	0.034	0.025	0.352	0.001	0.116	0.015	0.013	4.386	0.116	0.003	0.025	2.576	0.008	0.175	0.001	0.397	0.006	0.036	0.07	0.009	3.244	0.0	0.01	0.0	0.0	0.045	0.011	0.057	0.63	0.04	0.068	0.001	0.172	0.145	0.002	0.014
8	10	0.0	0.027	0.004	0.755	0.915	0.001	0.207	0.0	0.772	4.254	0.974	0.004	0.086	0.001	0.074	0.001	0.002	0.619	0.004	0.424	0.073	0.834	0.0	0.019	0.173	0.068	0.013	0.144	0.084	0.0	0.256	0.0	0.026	0.25	0.0	0.0	0.0	0.012	0.063	0.0	0.012	0.016	0.069	0.0	0.069	0.001	0.75	0.057	3.182	0.008	4.95	2.015	0.002	0.172	0.11	0.007	2.359	0.005	0.0	0.165	0.004	0.049	0.0	1.033	0.111	0.016	0.01	0.0	2.325	0.022	0.015	0.01	0.0	0.105	0.279	0.0	0.054	0.004	0.099	0.058	0.045	0.013	0.023	0.009	0.075	0.048	0.03	0.178	0.166	0.048	0.056	0.0	0.006	0.265	0.095	0.202	0.056	0.001	0.022	0.154	0.035	0.003	0.042	0.006	0.288	0.0	0.005	0.015	0.058	0.002	0.011	0.006	0.116	0.046	0.062	0.045	0.756	0.006	0.101	0.002	0.021	5.817	0.25	0.002	0.017	2.244	0.004	0.176	0.003	0.377	0.006	0.045	0.068	0.038	3.688	0.001	0.007	0.0	0.002	0.028	0.037	0.058	0.809	0.072	0.022	0.002	0.087	0.062	0.0	0.025
9	11	0.002	0.06	0.01	0.76	0.762	0.011	0.061	0.0	0.541	2.292	0.731	0.011	0.044	0.0	0.074	0.0	0.0	0.748	0.0	0.294	0.078	0.677	0.002	0.015	0.139	0.032	0.073	0.065	0.033	0.0	0.141	0.0	0.0	0.213	0.002	0.0	0.0	0.017	0.007	0.009	0.028	0.004	0.039	0.0	0.013	0.002	0.592	0.04	2.394	0.037	2.719	1.391	0.0	0.126	0.089	0.0	1.421	0.01	0.005	0.103	0.009	0.034	0.001	0.767	0.057	0.014	0.009	0.002	1.884	0.002	0.022	0.017	0.0	0.055	0.182	0.0	0.012	0.036	0.055	0.033	0.025	0.001	0.05	0.075	0.068	0.083	0.018	0.181	0.049	0.014	0.098	0.002	0.001	0.222	0.508	0.201	0.058	0.0	0.013	0.118	0.017	0.003	0.02	0.005	0.229	0.006	0.024	0.016	0.035	0.009	0.003	0.015	0.177	0.064	0.025	0.008	0.215	0.015	0.106	0.012	0.021	3.35	0.152	0.001	0.048	1.964	0.006	0.131	0.002	0.32	0.008	0.028	0.068	0.01	2.641	0.0	0.01	0.013	0.016	0.014	0.01	0.062	0.538	0.012	0.032	0.003	0.077	0.07	0.0	0.009
10	12	0.0	0.007	0.005	0.599	0.954	0.013	0.11	0.001	0.439	2.174	0.675	0.014	0.053	0.0	0.04	0.012	0.003	1.203	0.0	0.446	0.05	0.687	0.0	0.05	0.208	0.059	0.041	0.133	0.044	0.0	0.178	0.0	0.029	0.163	0.006	0.0	0.001	0.03	0.079	0.039	0.019	0.01	0.089	0.0	0.218	0.003	1.483	0.036	2.246	0.029	2.958	1.317	0.0	0.182	0.074	0.004	1.402	0.061	0.033	0.142	0.001	0.029	0.0	0.845	0.071	0.0	0.003	0.001	2.007	0.007	0.012	0.012	0.0	0.115	0.172	0.001	0.093	0.007	0.104	0.04	0.048	0.018	0.029	0.049	0.112	0.105	0.06	0.219	0.128	0.042	0.076	0.014	0.003	0.276	0.12	0.173	0.079	0.0	0.021	0.171	0.019	0.001	0.015	0.004	0.258	0.003	0.022	0.027	0.041	0.0	0.007	0.022	0.175	0.05	0.039	0.015	0.582	0.002	0.154	0.0	0.039	3.532	0.172	0.005	0.024	1.934	0.012	0.103	0.002	0.469	0.02	0.02	0.078	0.016	2.721	0.0	0.016	0.03	0.031	0.021	0.011	0.197	0.662	0.061	0.024	0.046	0.152	0.164	0.002	0.015
11	13	0.0	0.019	0.024	1.604	2.046	0.029	0.114	0.0	0.852	4.679	2.117	0.063	0.007	0.0	0.176	0.011	0.003	3.499	0.0	0.783	0.181	1.411	0.001	0.071	0.35	0.152	0.18	0.28	0.181	0.0	0.316	0.0	0.021	0.201	0.006	0.008	0.062	0.039	0.163	0.005	0.063	0.006	0.149	0.0	0.08	0.02	2.068	0.132	5.505	0.075	0.281	4.048	0.0	0.509	0.226	0.003	3.267	0.003	0.0	0.304	0.002	0.048	0.003	1.717	0.059	0.004	0.023	0.004	4.582	0.019	0.052	0.03	0.0	0.225	0.367	0.0	0.15	0.003	0.035	0.085	0.07	0.005	0.004	0.043	0.073	0.028	0.162	0.406	0.01	0.041	0.168	0.034	0.0	0.668	0.379	0.313	0.099	0.0	0.03	0.224	0.058	0.001	0.057	0.015	0.314	0.039	0.049	0.032	0.099	0.0	0.005	0.017	0.507	0.054	0.055	0.01	0.943	0.011	0.226	0.027	0.024	1.527	0.439	0.0	0.113	3.929	0.027	0.286	0.024	0.81	0.047	0.045	0.146	0.053	7.301	0.0	0.046	0.008	0.061	0.025	0.053	0.143	1.505	0.056	0.087	0.045	0.344	0.062	0.005	0.013
12	14	0.0	0.002	0.005	1.395	1.422	0.004	0.149	0.001	1.002	4.504	1.627	0.033	0.03	0.007	0.096	0.018	0.015	2.533	0.002	0.447	0.369	1.078	0.008	0.02	0.316	0.17	0.108	0.134	0.083	0.0	0.204	0.0	0.03	0.483	0.0	0.0	0.009	0.01	0.118	0.007	0.017	0.005	0.19	0.0	0.043	0.005	0.949	0.11	3.579	0.018	0.064	2.694	0.0	0.342	0.239	0.0	2.293	0.04	0.008	0.23	0.013	0.094	0.004	2.083	0.1	0.005	0.009	0.0	2.648	0.015	0.018	0.047	0.0	0.113	0.332	0.0	0.109	0.025	0.088	0.036	0.035	0.012	0.183	0.047	0.117	0.143	0.023	0.293	0.137	0.053	0.275	0.011	0.0	0.202	0.211	0.326	0.105	0.0	0.03	0.148	0.019	0.007	0.088	0.012	0.154	0.012	0.024	0.015	0.056	0.013	0.014	0.007	0.174	0.055	0.036	0.013	1.071	0.027	0.119	0.01	0.071	0.982	0.347	0.0	0.079	2.277	0.0	0.144	0.001	0.429	0.03	0.048	0.046	0.015	4.907	0.001	0.03	0.011	0.108	0.019	0.036	0.099	1.199	0.112	0.054	0.021	0.159	0.17	0.005	0.02
13	15	0.0	0.001	0.008	1.663	2.326	0.034	0.176	0.0	0.922	5.632	1.879	0.053	0.033	0.004	0.148	0.024	0.021	2.526	0.0	0.719	0.178	1.424	0.004	0.04	0.489	0.143	0.099	0.197	0.071	0.014	0.238	0.016	0.025	0.73	0.002	0.0	0.023	0.028	0.082	0.027	0.31	0.006	0.195	0.0	0.094	0.006	0.954	0.112	4.49	0.065	0.168	4.863	0.008	0.465	0.326	0.0	2.703	0.036	0.065	0.274	0.011	0.168	0.003	2.204	0.2	0.037	0.005	0.002	3.915	0.025	0.033	0.013	0.003	0.164	0.753	0.0	0.368	0.012	0.074	0.016	0.1	0.066	0.046	0.142	0.078	0.273	0.121	0.467	0.067	0.055	0.356	0.006	0.019	0.771	0.185	0.245	0.1	0.0	0.05	0.259	0.037	0.008	0.03	0.001	0.366	0.01	0.033	0.03	0.081	0.029	0.004	0.103	0.339	0.111	0.075	0.083	0.682	0.004	0.28	0.0	0.032	1.377	0.526	0.0	0.071	3.075	0.021	0.289	0.014	0.598	0.013	0.028	0.094	0.127	4.77	0.01	0.027	0.008	0.036	0.078	0.029	0.105	1.492	0.043	0.073	0.125	0.167	0.073	0.0	0.017
14	16	0.0	0.025	0.015	1.922	2.52	0.0	0.076	0.001	0.919	4.209	1.607	0.005	0.011	0.01	0.071	0.006	0.013	2.917	0.04	0.639	0.122	1.076	0.015	0.038	0.4	0.071	0.064	0.274	0.061	0.0	0.28	0.002	0.031	0.412	0.017	0.004	0.0	0.02	0.076	0.007	0.154	0.011	0.355	0.0	0.186	0.004	0.655	0.094	3.753	0.112	0.175	2.744	0.005	0.39	0.307	0.004	1.85	0.024	0.001	0.192	0.026	0.069	0.004	2.042	0.121	0.022	0.039	0.01	3.23	0.003	0.078	0.055	0.0	0.181	0.436	0.0	0.13	0.031	0.069	0.036	0.08	0.019	0.128	0.126	0.206	0.292	0.067	0.386	0.119	0.046	0.092	0.003	0.015	0.823	0.372	0.409	0.115	0.0	0.042	0.172	0.016	0.0	0.012	0.011	0.181	0.003	0.153	0.08	0.108	0.013	0.0	0.008	0.331	0.059	0.051	0.025	1.103	0.057	0.202	0.003	0.019	0.995	0.478	0.009	0.118	3.013	0.01	0.204	0.0	0.667	0.023	0.061	0.117	0.064	4.545	0.0	0.007	0.004	0.024	0.002	0.02	0.131	1.046	0.092	0.075	0.12	0.211	0.822	0.0	0.045
15	17	0.0	0.134	0.004	1.283	1.42	0.057	0.029	0.0	0.835	3.38	1.146	0.04	0.083	0.009	0.137	0.032	0.039	1.659	0.01	0.479	0.216	1.352	0.007	0.022	0.223	0.011	0.109	0.208	0.03	0.0	0.223	0.013	0.01	0.257	0.0	0.0	0.0	0.021	0.108	0.009	0.029	0.039	0.126	0.0	0.051	0.0	0.603	0.059	2.965	0.058	0.113	2.484	0.004	0.308	0.25	0.011	0.918	0.039	0.046	0.161	0.03	0.094	0.0	1.027	0.171	0.002	0.014	0.0	3.299	0.039	0.056	0.008	0.0	0.1	0.265	0.0	0.303	0.009	0.04	0.017	0.057	0.01	0.045	0.028	0.088	0.261	0.142	0.272	0.002	0.081	0.085	0.004	0.001	0.859	0.164	0.249	0.041	0.0	0.026	0.274	0.058	0.0	0.014	0.009	0.314	0.001	0.044	0.011	0.124	0.006	0.035	0.083	0.1	0.08	0.037	0.041	0.878	0.012	0.155	0.004	0.049	0.664	0.392	0.002	0.115	2.476	0.006	0.226	0.013	0.486	0.009	0.055	0.254	0.025	3.441	0.037	0.023	0.015	0.017	0.008	0.025	0.241	1.023	0.072	0.041	0.035	0.061	0.805	0.0	0.017
16	18	0.0	0.019	0.024	2.385	2.913	0.008	0.03	0.001	0.629	1.947	0.999	0.013	0.108	0.002	0.04	0.047	0.018	2.189	0.003	0.694	0.151	1.385	0.016	0.025	0.394	0.137	0.123	0.207	0.073	0.0	0.211	0.0	0.009	0.157	0.0	0.0	0.0	0.012	0.12	0.029	0.047	0.015	0.282	0.0	0.763	0.003	0.88	0.073	2.749	0.129	0.36	1.792	0.083	0.285	0.202	0.006	0.599	0.103	0.004	0.311	0.017	0.076	0.0	2.507	0.094	0.025	0.114	0.01	3.565	0.023	0.048	0.01	0.0	0.309	0.091	0.0	0.143	0.019	0.142	0.089	0.199	0.035	0.114	0.067	0.133	0.176	0.053	0.674	0.044	0.077	0.311	0.026	0.011	0.327	0.688	0.682	0.198	0.0	0.018	0.161	0.007	0.009	0.055	0.019	0.255	0.002	0.081	0.027	0.045	0.0	0.031	0.061	0.181	0.076	0.065	0.041	1.65	0.004	0.198	0.004	0.026	0.486	0.309	0.0	0.008	1.963	0.031	0.12	0.008	1.459	0.01	0.017	0.101	0.009	3.329	0.005	0.021	0.021	0.023	0.045	0.009	0.362	1.023	0.158	0.062	0.181	0.118	0.411	0.001	0.048
17	19	0.009	0.014	0.007	2.404	1.647	0.023	0.009	0.0	0.517	0.398	0.608	0.0	0.101	0.0	0.071	0.028	0.002	2.431	0.0	0.59	0.117	1.527	0.029	0.053	0.222	0.045	0.152	0.588	0.045	0.03	0.116	0.0	0.094	0.305	0.001	0.0	0.0	0.008	0.081	0.0	0.034	0.037	0.227	0.0	0.137	0.006	0.351	0.069	1.852	0.228	0.12	1.445	0.02	0.295	0.058	0.015	0.465	0.004	0.006	0.157	0.007	0.016	0.013	1.848	0.073	0.0	0.005	0.001	2.367	0.016	0.039	0.035	0.0	0.112	0.143	0.0	0.033	0.007	0.027	0.022	0.05	0.003	0.269	0.056	0.014	0.315	0.169	0.312	0.07	0.017	0.066	0.004	0.0	1.063	0.158	0.404	0.153	0.009	0.03	0.209	0.387	0.0	0.009	0.011	0.146	0.004	0.052	0.044	0.099	0.043	0.027	0.013	0.148	0.123	0.018	0.007	0.42	0.0	0.241	0.012	0.031	0.246	0.108	0.0	0.068	0.588	0.007	0.063	0.0	0.769	0.004	0.016	0.157	0.037	1.395	0.0	0.0	0.031	0.023	0.089	0.02	0.076	0.511	0.034	0.021	0.03	0.158	0.873	0.0	0.006
18	20	0.0	0.037	0.002	1.914	2.144	0.003	0.019	0.0	0.657	0.573	0.697	0.113	0.019	0.004	0.02	0.004	0.013	3.532	0.0	0.514	0.189	0.852	0.011	0.066	0.637	0.156	0.153	0.12	0.085	0.016	0.105	0.0	0.022	0.383	0.004	0.019	0.0	0.011	0.17	0.018	0.115	0.078	0.363	0.0	0.114	0.003	0.125	0.071	1.726	0.18	0.131	1.083	0.002	0.298	0.126	0.004	1.032	0.033	0.048	0.219	0.017	0.089	0.0	2.129	0.156	0.008	0.065	0.003	2.638	0.031	0.033	0.012	0.0	0.097	0.12	0.0	0.547	0.005	0.021	0.028	0.124	0.017	0.284	0.087	0.051	0.522	0.098	0.315	0.136	0.059	0.54	0.029	0.0	0.99	0.313	0.486	0.087	0.0	0.04	0.152	0.096	0.026	0.02	0.008	0.298	0.049	0.093	0.035	0.063	0.016	0.001	0.044	0.243	0.034	0.044	0.22	0.621	0.03	0.41	0.0	0.023	0.312	0.233	0.0	0.073	1.651	0.015	0.048	0.0	0.478	0.006	0.02	0.056	0.037	3.059	0.0	0.029	0.065	0.031	0.045	0.006	0.266	0.692	0.232	0.011	0.094	0.163	0.818	0.003	0.015
19	21	0.0	0.0	0.006	1.711	1.473	0.001	0.035	0.0	0.529	0.602	0.557	0.009	0.009	0.003	0.042	0.014	0.025	2.054	0.0	0.385	0.094	1.496	0.031	0.004	0.372	0.057	0.107	0.142	0.029	0.0	0.058	0.0	0.052	0.167	0.002	0.005	0.0	0.001	0.134	0.008	0.061	0.022	0.11	0.0	0.064	0.003	0.141	0.031	1.886	0.034	0.061	0.595	0.007	0.238	0.134	0.012	0.712	0.021	0.0	0.105	0.009	0.086	0.003	1.39	0.024	0.003	0.028	0.001	2.002	0.041	0.025	0.033	0.0	0.026	0.058	0.0	0.126	0.042	0.012	0.007	0.107	0.026	0.192	0.066	0.032	0.135	0.027	0.248	0.027	0.021	0.182	0.007	0.009	0.403	0.328	0.357	0.152	0.001	0.011	0.103	0.038	0.006	0.044	0.033	0.335	0.034	0.054	0.018	0.024	0.023	0.011	0.022	0.287	0.05	0.065	0.098	0.472	0.001	0.128	0.0	0.021	0.166	0.13	0.006	0.04	2.029	0.001	0.056	0.0	0.489	0.014	0.022	0.14	0.02	2.817	0.0	0.054	0.027	0.006	0.028	0.002	0.151	0.821	0.054	0.036	0.004	0.18	0.261	0.006	0.015
20	22	0.0	0.041	0.036	2.014	1.749	0.002	0.092	0.0	0.675	0.542	0.639	0.019	0.117	0.003	0.064	0.004	0.017	1.986	0.002	0.312	0.138	1.157	0.012	0.045	0.678	0.054	0.216	0.189	0.032	0.0	0.092	0.0	0.013	0.099	0.0	0.0	0.0	0.029	0.164	0.011	0.047	0.138	0.17	0.0	0.051	0.011	0.122	0.085	1.267	0.011	0.043	0.882	0.002	0.236	0.046	0.003	0.417	0.033	0.007	0.174	0.01	0.126	0.018	1.386	0.111	0.008	0.017	0.014	1.325	0.036	0.026	0.01	0.0	0.027	0.205	0.0	0.415	0.012	0.069	0.007	0.081	0.045	0.157	0.095	0.065	0.447	0.253	0.324	0.129	0.059	0.334	0.017	0.012	0.334	0.301	0.568	0.051	0.0	0.051	0.195	0.351	0.031	0.088	0.017	0.157	0.01	0.025	0.026	0.024	0.0	0.002	0.015	0.311	0.047	0.019	0.045	1.108	0.06	0.404	0.0	0.031	0.195	0.126	0.007	0.031	2.026	0.002	0.059	0.001	0.273	0.0	0.022	0.129	0.039	1.843	0.0	0.023	0.005	0.059	0.009	0.006	0.165	0.946	0.075	0.051	0.032	0.208	0.398	0.0	0.028
21	23	0.006	0.023	0.002	1.81	2.129	0.005	0.004	0.0	0.966	0.927	0.82	0.017	0.123	0.015	0.052	0.001	0.02	2.696	0.005	0.329	0.194	1.401	0.006	0.052	0.551	0.125	0.206	0.144	0.013	0.0	0.038	0.0	0.003	0.15	0.002	0.0	0.0	0.024	0.081	0.001	0.194	0.121	0.371	0.001	0.059	0.008	0.12	0.034	1.042	0.004	0.048	0.682	0.003	0.38	0.037	0.005	0.484	0.009	0.061	0.1	0.017	0.077	0.0	1.353	0.057	0.046	0.004	0.007	1.508	0.031	0.043	0.013	0.0	0.037	0.089	0.005	0.336	0.039	0.072	0.004	0.093	0.058	0.035	0.028	0.036	0.389	0.225	0.353	0.105	0.07	0.239	0.054	0.009	0.352	0.264	0.616	0.057	0.0	0.041	0.1	0.022	0.0	0.067	0.011	0.217	0.0	0.092	0.049	0.014	0.026	0.02	0.027	0.297	0.118	0.015	0.014	1.262	0.002	0.318	0.0	0.062	0.134	0.059	0.004	0.039	2.619	0.0	0.038	0.001	0.378	0.005	0.005	0.158	0.027	2.451	0.001	0.015	0.025	0.03	0.0	0.003	0.197	0.755	0.122	0.063	0.011	0.274	0.145	0.0	0.046
22	24	0.0	0.023	0.018	2.167	3.255	0.003	0.035	0.0	1.382	0.701	1.055	0.063	0.16	0.0	0.043	0.013	0.027	2.124	0.001	0.624	0.118	1.05	0.037	0.009	0.62	0.091	0.251	0.297	0.037	0.01	0.107	0.003	0.019	0.089	0.0	0.002	0.0	0.016	0.37	0.063	0.043	0.074	0.165	0.0	0.046	0.003	0.092	0.036	1.531	0.09	0.167	0.761	0.006	0.202	0.112	0.023	0.71	0.017	0.009	0.176	0.009	0.068	0.032	2.01	0.228	0.02	0.03	0.002	1.156	0.04	0.02	0.012	0.0	0.086	0.152	0.0	0.548	0.009	0.023	0.006	0.11	0.022	0.096	0.117	0.098	0.236	0.22	0.437	0.198	0.048	0.239	0.005	0.007	1.134	0.491	1.102	0.12	0.014	0.058	0.353	0.094	0.021	0.059	0.021	0.243	0.033	0.106	0.074	0.043	0.031	0.017	0.02	0.57	0.062	0.018	0.028	0.805	0.003	0.433	0.01	0.014	0.187	0.147	0.002	0.149	2.795	0.006	0.068	0.005	0.382	0.01	0.02	0.243	0.034	2.806	0.021	0.063	0.002	0.075	0.0	0.01	0.15	0.869	0.116	0.026	0.309	0.403	0.648	0.0	0.02
23	25	0.0	0.008	0.071	1.889	3.188	0.01	0.036	0.0	1.399	0.905	0.93	0.015	0.104	0.0	0.048	0.0	0.002	2.906	0.007	0.505	0.219	0.764	0.013	0.079	0.561	0.051	0.249	0.429	0.037	0.0	0.033	0.0	0.028	0.165	0.02	0.01	0.0	0.01	0.213	0.02	0.088	0.198	0.222	0.0	0.055	0.007	0.144	0.042	1.837	0.031	0.104	0.606	0.011	0.325	0.079	0.016	0.765	0.007	0.055	0.122	0.034	0.112	0.003	1.283	0.173	0.014	0.025	0.0	1.095	0.035	0.046	0.037	0.0	0.062	0.055	0.0	0.266	0.066	0.06	0.005	0.099	0.018	0.149	0.092	0.027	0.456	0.131	0.585	0.154	0.085	0.281	0.028	0.011	0.921	0.299	0.782	0.062	0.0	0.032	0.443	0.054	0.011	0.058	0.012	0.212	0.018	0.14	0.02	0.051	0.0	0.003	0.039	0.585	0.105	0.024	0.079	1.027	0.006	0.159	0.007	0.02	0.163	0.071	0.0	0.074	3.426	0.016	0.095	0.0	0.224	0.008	0.023	0.148	0.218	3.208	0.0	0.044	0.023	0.084	0.007	0.011	0.118	0.786	0.094	0.042	0.023	0.424	0.462	0.0	0.071
24	26	0.0	0.036	0.082	3.131	3.514	0.005	0.004	0.0	1.54	0.58	0.71	0.018	0.144	0.0	0.027	0.017	0.023	2.234	0.0	0.394	0.053	1.734	0.007	0.019	0.676	0.049	0.165	0.094	0.043	0.021	0.092	0.0	0.174	0.089	0.002	0.0	0.0	0.0	0.126	0.004	0.107	0.725	0.212	0.008	0.07	0.002	0.091	0.048	1.271	0.131	0.089	0.549	0.0	0.249	0.051	0.01	0.474	0.014	0.042	0.21	0.012	0.08	0.002	1.029	0.216	0.009	0.041	0.022	1.451	0.129	0.026	0.012	0.0	0.074	0.164	0.003	0.254	0.02	0.013	0.02	0.018	0.008	0.228	0.242	0.065	1.15	0.127	1.04	0.095	0.143	0.78	0.153	0.014	0.993	0.508	0.992	0.041	0.0	0.009	0.692	0.113	0.0	0.04	0.006	0.316	0.015	0.126	0.064	0.082	0.029	0.011	0.043	0.538	0.019	0.009	0.087	0.558	0.002	0.471	0.0	0.12	0.153	0.144	0.001	0.09	2.511	0.002	0.094	0.002	0.272	0.017	0.017	0.241	0.02	2.136	0.016	0.086	0.036	0.1	0.005	0.021	0.064	0.774	0.186	0.063	0.262	0.514	0.476	0.0	0.019
25	27	0.0	0.017	0.068	1.49	5.59	0.003	0.023	0.0	1.101	0.295	0.934	0.016	0.035	0.0	0.073	0.017	0.001	2.728	0.003	0.364	0.134	1.427	0.022	0.01	0.442	0.055	0.081	0.163	0.013	0.0	0.048	0.008	0.011	0.046	0.004	0.0	0.0	0.041	0.081	0.006	0.048	0.046	0.057	0.0	0.026	0.005	0.043	0.018	0.849	0.05	0.146	0.351	0.004	0.288	0.057	0.02	0.943	0.015	0.0	0.144	0.003	0.026	0.0	0.713	0.119	0.009	0.002	0.003	0.872	0.045	0.045	0.006	0.0	0.042	0.056	0.001	0.126	0.009	0.018	0.008	0.116	0.019	0.02	0.103	0.084	0.368	0.066	0.508	0.126	0.105	0.286	0.064	0.002	0.8	0.168	1.138	0.157	0.015	0.019	0.48	0.284	0.002	0.022	0.03	0.234	0.033	0.075	0.024	0.023	0.025	0.093	0.039	0.307	0.042	0.01	0.036	0.587	0.008	0.838	0.0	0.025	0.187	0.05	0.003	0.048	2.536	0.005	0.117	0.011	0.502	0.002	0.014	0.219	0.076	3.263	0.011	0.079	0.0	0.049	0.004	0.038	0.126	0.471	0.085	0.03	0.064	0.306	0.366	0.022	0.034
26	28	0.0	0.078	0.145	2.586	5.306	0.042	0.046	0.0	1.306	0.333	1.215	0.039	0.302	0.01	0.046	0.033	0.003	2.636	0.0	0.44	0.134	1.424	0.033	0.017	0.628	0.042	0.165	0.424	0.039	0.0	0.136	0.0	0.003	0.16	0.058	0.0	0.0	0.058	0.376	0.0	0.407	0.002	0.09	0.003	0.063	0.016	0.158	0.083	1.426	0.051	0.341	0.639	0.032	0.241	0.025	0.003	0.815	0.004	0.014	0.231	0.009	0.621	0.0	1.72	0.125	0.005	0.113	0.019	1.429	0.061	0.033	0.019	0.005	0.05	0.057	0.009	0.363	0.035	0.037	0.01	0.039	0.075	0.191	0.083	0.197	0.432	0.193	0.664	0.126	0.036	0.627	0.012	0.0	0.916	0.263	1.297	0.099	0.0	0.014	0.468	0.139	0.009	0.076	0.017	0.222	0.009	0.192	0.068	0.056	0.082	0.017	0.213	0.485	0.093	0.005	0.032	1.345	0.008	0.584	0.0	0.036	0.226	0.091	0.002	0.095	2.96	0.004	0.181	0.02	0.515	0.052	0.025	0.439	0.022	2.525	0.029	0.15	0.012	0.054	0.015	0.027	0.285	0.571	0.14	0.013	0.312	0.258	0.553	0.0	0.012
27	29	0.0	0.034	0.044	1.764	4.011	0.006	0.029	0.0	0.975	0.124	0.85	0.023	0.073	0.0	0.059	0.015	0.011	2.883	0.004	0.297	0.155	1.712	0.002	0.032	0.583	0.106	0.207	0.124	0.014	0.0	0.028	0.0	0.055	0.27	0.0	0.0	0.0	0.008	0.173	0.01	0.019	0.195	0.209	0.0	0.049	0.007	0.04	0.036	0.923	0.043	0.131	0.34	0.0	0.191	0.014	0.0	0.477	0.016	0.005	0.14	0.012	0.049	0.01	1.0	0.06	0.01	0.014	0.0	0.933	0.094	0.027	0.02	0.002	0.075	0.028	0.0	0.584	0.016	0.02	0.019	0.06	0.038	0.026	0.143	0.012	0.709	0.046	0.532	0.013	0.04	0.258	0.04	0.025	0.581	0.125	0.989	0.046	0.0	0.022	0.407	0.467	0.015	0.063	0.007	0.451	0.026	0.105	0.024	0.049	0.009	0.014	0.037	0.262	0.065	0.009	0.045	0.714	0.0	0.391	0.009	0.034	0.115	0.032	0.005	0.044	2.214	0.011	0.079	0.0	0.212	0.027	0.006	0.186	0.011	2.2	0.002	0.119	0.012	0.076	0.007	0.015	0.137	0.34	0.129	0.1	0.004	0.177	0.22	0.015	0.006
28	30	0.0	0.105	0.064	2.207	5.219	0.002	0.018	0.0	1.096	0.142	1.072	0.021	0.095	0.004	0.074	0.015	0.003	3.27	0.007	0.397	0.11	1.489	0.044	0.035	0.473	0.041	0.261	0.25	0.033	0.0	0.075	0.0	0.047	0.171	0.001	0.0	0.0	0.026	0.225	0.006	0.028	0.055	0.106	0.004	0.151	0.005	0.133	0.035	1.031	0.105	0.167	0.349	0.02	0.255	0.01	0.011	0.825	0.016	0.015	0.219	0.011	0.046	0.003	1.429	0.211	0.001	0.008	0.008	1.125	0.033	0.037	0.038	0.0	0.094	0.079	0.002	0.469	0.028	0.038	0.012	0.067	0.036	0.112	0.05	0.241	0.525	0.069	0.562	0.005	0.023	0.346	0.07	0.002	0.691	0.295	1.233	0.041	0.0	0.155	0.43	0.428	0.026	0.05	0.041	0.165	0.023	0.087	0.014	0.018	0.003	0.006	0.023	0.387	0.068	0.01	0.046	0.628	0.012	0.758	0.018	0.023	0.153	0.056	0.003	0.078	2.089	0.014	0.1	0.008	0.265	0.024	0.062	0.234	0.025	2.786	0.0	0.131	0.0	0.079	0.01	0.016	0.077	0.381	0.118	0.021	0.003	0.197	0.27	0.007	0.054
29	31	0.004	0.059	0.012	1.636	4.648	0.011	0.017	0.0	0.802	0.049	0.779	0.024	0.081	0.0	0.051	0.034	0.007	1.807	0.006	0.237	0.179	1.109	0.02	0.046	0.528	0.027	0.082	0.176	0.003	0.0	0.028	0.002	0.008	0.161	0.004	0.0	0.0	0.01	0.096	0.002	0.084	0.076	0.13	0.001	0.028	0.02	0.132	0.003	0.628	0.018	0.133	0.271	0.0	0.143	0.011	0.0	0.187	0.013	0.018	0.097	0.017	0.076	0.001	0.868	0.085	0.01	0.042	0.016	0.69	0.039	0.021	0.145	0.0	0.083	0.045	0.0	0.079	0.034	0.018	0.006	0.013	0.026	0.089	0.077	0.097	0.298	0.173	0.429	0.036	0.021	0.326	0.013	0.005	0.42	0.139	1.359	0.07	0.0	0.014	0.352	0.143	0.0	0.018	0.007	0.272	0.032	0.103	0.028	0.011	0.007	0.023	0.011	0.455	0.051	0.016	0.073	0.271	0.0	0.611	0.029	0.025	0.083	0.012	0.0	0.055	1.803	0.004	0.093	0.003	0.218	0.002	0.024	0.256	0.021	1.116	0.0	0.118	0.007	0.114	0.012	0.011	0.223	0.214	0.18	0.029	0.014	0.212	0.236	0.004	0.028
30	32	0.0	0.03	0.021	1.692	3.783	0.0	0.028	0.0	0.588	0.037	0.586	0.037	0.127	0.006	0.022	0.007	0.017	1.655	0.004	0.228	0.146	0.784	0.012	0.031	0.447	0.024	0.112	0.1	0.011	0.005	0.067	0.002	0.017	0.092	0.054	0.0	0.0	0.041	0.205	0.008	0.033	0.149	0.09	0.001	0.032	0.015	0.078	0.016	0.423	0.04	0.066	0.472	0.016	0.122	0.007	0.002	0.269	0.026	0.003	0.148	0.0	0.096	0.004	0.678	0.095	0.029	0.05	0.005	0.518	0.037	0.038	0.151	0.0	0.058	0.068	0.0	0.423	0.026	0.021	0.012	0.053	0.021	0.053	0.089	0.061	0.476	0.121	0.47	0.17	0.099	0.778	0.078	0.005	0.275	0.213	1.226	0.07	0.011	0.01	0.267	0.293	0.004	0.046	0.005	0.135	0.013	0.051	0.037	0.008	0.032	0.002	0.056	0.229	0.109	0.002	0.034	0.973	0.001	0.523	0.008	0.016	0.09	0.007	0.008	0.032	1.288	0.042	0.071	0.0	0.253	0.028	0.009	0.152	0.061	0.938	0.003	0.144	0.011	0.096	0.0	0.008	0.477	0.527	0.178	0.017	0.022	0.363	0.225	0.006	0.002
31	33	0.0	0.027	0.021	1.495	3.656	0.004	0.025	0.0	0.712	0.101	0.903	0.018	0.058	0.005	0.061	0.046	0.009	2.847	0.004	0.337	0.35	0.838	0.022	0.062	0.389	0.074	0.14	0.132	0.048	0.0	0.088	0.0	0.025	0.165	0.002	0.0	0.0	0.025	0.162	0.01	0.028	0.063	0.102	0.0	0.028	0.005	0.089	0.022	0.399	0.04	0.142	0.408	0.002	0.191	0.027	0.01	0.227	0.015	0.009	0.114	0.011	0.131	0.004	0.862	0.166	0.024	0.053	0.011	0.549	0.048	0.016	0.015	0.0	0.053	0.121	0.0	0.863	0.016	0.035	0.009	0.064	0.023	0.13	0.111	0.118	0.516	0.085	0.313	0.064	0.078	0.81	0.084	0.008	0.505	0.291	1.281	0.087	0.0	0.02	0.467	0.41	0.012	0.037	0.005	0.294	0.019	0.094	0.05	0.011	0.013	0.008	0.001	0.294	0.054	0.002	0.022	1.225	0.004	0.393	0.007	0.01	0.156	0.013	0.02	0.041	1.714	0.007	0.058	0.002	0.164	0.019	0.03	0.198	0.03	1.22	0.001	0.343	0.013	0.022	0.009	0.007	0.303	0.482	0.246	0.137	0.016	0.187	0.304	0.039	0.036
32	34	0.0	0.028	0.038	1.655	4.01	0.003	0.04	0.0	0.432	0.022	0.788	0.016	0.194	0.004	0.048	0.024	0.005	2.26	0.001	0.318	0.2	1.271	0.003	0.015	0.515	0.022	0.168	0.181	0.037	0.0	0.069	0.0	0.017	0.307	0.004	0.0	0.0	0.015	0.126	0.099	0.024	0.117	0.1	0.0	0.037	0.006	0.128	0.062	0.592	0.018	0.104	0.225	0.005	0.198	0.026	0.016	0.129	0.03	0.028	0.127	0.0	0.159	0.015	0.918	0.152	0.0	0.053	0.012	0.574	0.008	0.015	0.019	0.0	0.018	0.099	0.0	1.033	0.018	0.02	0.009	0.054	0.032	0.047	0.071	0.041	0.414	0.109	0.552	0.038	0.09	0.755	0.042	0.001	0.405	0.308	1.178	0.052	0.0	0.035	0.385	0.114	0.001	0.077	0.001	0.259	0.001	0.158	0.068	0.029	0.027	0.005	0.011	0.263	0.077	0.008	0.085	0.864	0.011	0.449	0.0	0.018	0.348	0.06	0.008	0.043	1.543	0.002	0.109	0.0	0.197	0.008	0.009	0.184	0.089	1.025	0.0	0.282	0.049	0.066	0.01	0.012	0.101	0.281	0.141	0.057	0.009	0.259	0.463	0.009	0.01
33	35	0.0	0.034	0.086	1.213	2.966	0.008	0.02	0.0	0.45	0.07	0.681	0.013	0.136	0.004	0.015	0.018	0.001	2.207	0.006	0.272	0.158	0.696	0.009	0.002	0.382	0.061	0.192	0.155	0.031	0.0	0.028	0.002	0.029	0.033	0.002	0.002	0.0	0.015	0.167	0.06	0.012	0.099	0.122	0.0	0.033	0.014	0.043	0.023	0.388	0.016	0.091	0.29	0.021	0.186	0.023	0.011	0.274	0.001	0.025	0.196	0.014	0.104	0.015	0.786	0.089	0.001	0.073	0.025	0.582	0.019	0.017	0.003	0.0	0.014	0.124	0.002	0.793	0.02	0.02	0.006	0.027	0.034	0.06	0.042	0.033	0.345	0.061	0.26	0.085	0.067	0.66	0.015	0.018	0.478	0.35	1.161	0.029	0.0	0.012	0.233	0.144	0.003	0.045	0.006	0.187	0.003	0.071	0.033	0.032	0.011	0.04	0.033	0.161	0.019	0.004	0.047	0.522	0.018	0.392	0.0	0.008	0.277	0.038	0.024	0.033	1.296	0.025	0.06	0.004	0.171	0.032	0.003	0.134	0.057	1.262	0.0	0.232	0.043	0.008	0.004	0.015	0.047	0.284	0.212	0.098	0.003	0.283	0.25	0.003	0.038
34	36	0.0	0.053	0.074	2.132	4.508	0.0	0.103	0.0	0.489	0.095	0.824	0.005	0.455	0.014	0.047	0.015	0.004	3.345	0.01	0.373	0.151	1.25	0.02	0.017	0.676	0.031	0.121	0.15	0.033	0.0	0.044	0.0	0.027	0.195	0.001	0.004	0.0	0.015	0.194	0.093	0.051	0.154	0.21	0.0	0.018	0.003	0.047	0.044	0.53	0.023	0.124	0.426	0.006	0.215	0.024	0.013	0.431	0.006	0.0	0.179	0.009	0.138	0.005	0.836	0.162	0.018	0.063	0.04	0.754	0.023	0.004	0.072	0.0	0.013	0.051	0.004	0.626	0.072	0.01	0.009	0.013	0.028	0.119	0.15	0.081	0.599	0.105	0.328	0.026	0.105	0.91	0.03	0.001	0.729	0.421	1.664	0.053	0.0	0.018	0.541	0.617	0.003	0.213	0.015	0.281	0.008	0.068	0.045	0.034	0.023	0.011	0.031	0.203	0.029	0.008	0.022	1.095	0.012	0.289	0.0	0.004	0.427	0.071	0.0	0.094	2.053	0.004	0.007	0.004	0.178	0.035	0.011	0.265	0.022	1.788	0.001	0.363	0.056	0.078	0.012	0.023	0.161	0.42	0.138	0.044	0.064	0.299	0.559	0.001	0.001
35	37	0.0	0.02	0.007	0.989	2.572	0.001	0.023	0.0	0.218	0.04	0.7	0.009	0.038	0.0	0.017	0.015	0.008	1.991	0.005	0.193	0.256	0.539	0.025	0.007	0.225	0.036	0.076	0.176	0.011	0.0	0.042	0.0	0.023	0.058	0.004	0.0	0.0	0.01	0.28	0.048	0.066	0.006	0.101	0.0	0.019	0.003	0.01	0.023	0.337	0.03	0.046	0.27	0.003	0.174	0.006	0.012	0.165	0.004	0.006	0.106	0.004	0.131	0.087	0.406	0.086	0.004	0.079	0.006	0.464	0.007	0.007	0.005	0.0	0.081	0.071	0.0	1.237	0.011	0.004	0.006	0.027	0.045	0.075	0.101	0.035	0.242	0.031	0.234	0.004	0.063	0.754	0.02	0.0	0.432	0.062	1.069	0.059	0.0	0.011	0.309	0.134	0.002	0.004	0.004	0.117	0.003	0.068	0.015	0.008	0.012	0.013	0.01	0.11	0.015	0.002	0.031	0.587	0.01	0.326	0.008	0.004	0.242	0.02	0.02	0.04	1.367	0.017	0.022	0.002	0.119	0.0	0.002	0.08	0.013	0.986	0.0	0.177	0.014	0.012	0.004	0.008	0.072	0.39	0.338	0.023	0.006	0.181	0.111	0.02	0.079
36	38	0.0	0.025	0.016	1.489	3.41	0.005	0.028	0.0	0.356	0.112	0.595	0.015	0.073	0.001	0.031	0.022	0.004	1.607	0.01	0.218	0.073	0.793	0.006	0.007	0.417	0.021	0.041	0.158	0.02	0.0	0.018	0.002	0.04	0.097	0.0	0.0	0.0	0.003	0.358	0.017	0.015	0.047	0.091	0.0	0.035	0.003	0.034	0.018	0.424	0.032	0.057	0.209	0.0	0.172	0.008	0.002	0.27	0.015	0.035	0.108	0.014	0.083	0.006	0.38	0.064	0.031	0.102	0.018	0.297	0.016	0.004	0.084	0.0	0.027	0.094	0.001	0.834	0.029	0.007	0.007	0.033	0.014	0.036	0.056	0.082	0.59	0.048	0.251	0.17	0.029	0.684	0.024	0.002	0.396	0.086	1.416	0.057	0.001	0.005	0.45	0.297	0.017	0.036	0.01	0.14	0.014	0.051	0.047	0.017	0.001	0.007	0.018	0.091	0.009	0.002	0.087	0.524	0.008	0.286	0.0	0.008	0.231	0.028	0.0	0.027	1.145	0.007	0.019	0.006	0.136	0.009	0.008	0.086	0.019	1.038	0.0	0.209	0.017	0.02	0.019	0.013	0.031	0.296	0.227	0.021	0.059	0.161	0.2	0.0	0.057
37	39	0.0	0.006	0.033	1.481	3.926	0.0	0.003	0.0	0.406	0.057	0.645	0.012	0.073	0.002	0.017	0.049	0.003	2.571	0.002	0.239	0.171	0.506	0.01	0.006	0.332	0.027	0.096	0.11	0.02	0.0	0.04	0.0	0.076	0.103	0.006	0.017	0.0	0.021	0.2	0.032	0.01	0.016	0.057	0.0	0.064	0.001	0.05	0.016	0.307	0.011	0.081	0.117	0.003	0.192	0.028	0.003	0.183	0.012	0.009	0.126	0.002	0.096	0.006	0.5	0.1	0.009	0.113	0.007	0.606	0.032	0.036	0.006	0.0	0.053	0.062	0.001	0.362	0.02	0.001	0.009	0.02	0.01	0.091	0.087	0.034	0.465	0.117	0.429	0.04	0.034	0.444	0.027	0.008	0.435	0.167	1.302	0.149	0.0	0.008	0.475	0.059	0.002	0.032	0.009	0.107	0.006	0.081	0.009	0.011	0.027	0.01	0.004	0.177	0.015	0.01	0.014	0.423	0.011	0.344	0.002	0.012	0.169	0.037	0.002	0.042	0.524	0.003	0.049	0.011	0.167	0.006	0.003	0.117	0.017	1.139	0.002	0.397	0.023	0.067	0.011	0.008	0.092	0.212	0.3	0.009	0.007	0.261	0.064	0.013	0.077
38	40	0.0	0.027	0.023	1.3	2.806	0.007	0.001	0.0	0.221	0.108	1.088	0.041	0.062	0.003	0.017	0.0	0.007	2.157	0.006	0.148	0.152	0.819	0.012	0.008	0.4	0.1	0.137	0.117	0.016	0.0	0.039	0.008	0.031	0.034	0.0	0.0	0.0	0.051	0.263	0.093	0.02	0.009	0.311	0.0	0.025	0.0	0.046	0.008	0.207	0.012	0.025	0.239	0.029	0.187	0.013	0.008	0.172	0.006	0.013	0.089	0.0	0.115	0.004	0.406	0.331	0.021	0.0	0.005	0.398	0.032	0.003	0.003	0.0	0.057	0.226	0.0	1.177	0.053	0.007	0.004	0.032	0.027	0.016	0.087	0.02	0.352	0.356	0.203	0.096	0.048	0.652	0.059	0.016	0.076	0.108	0.835	0.027	0.0	0.013	0.291	0.003	0.0	0.007	0.006	0.219	0.016	0.052	0.116	0.005	0.0	0.005	0.059	0.171	0.057	0.046	0.255	0.772	0.0	0.332	0.0	0.038	0.106	0.005	0.006	0.067	0.249	0.003	0.038	0.0	0.113	0.016	0.002	0.089	0.02	0.928	0.0	0.334	0.026	0.013	0.0	0.0	0.285	0.25	0.11	0.013	0.015	0.297	0.235	0.0	0.006
